,Image,Date,Map,Opponent,Duration,GameState,Paused,Hero 1,Accuracy 1,Ult_Charge 1,Hero 2,Accuracy 2,Ult_Charge 2,Hero 3,Accuracy 3,Ult_Charge 3,Hero 4,Accuracy 4,Ult_Charge 4,Hero 5,Accuracy 5,Ult_Charge 5,Hero 6,Accuracy 6,Ult_Charge 6,Hero 7,Accuracy 7,Ult_Charge 7,Hero 8,Accuracy 8,Ult_Charge 8,Hero 9,Accuracy 9,Ult_Charge 9,Hero 10,Accuracy 10,Ult_Charge 10,Hero 11,Accuracy 11,Ult_Charge 11,Hero 12,Accuracy 12,Ult_Charge 12
0,vod_data/18.03.2019+SF+vs+NRG+BUSAN/15.jpg,03/18/2019,BUSAN,NRG,0.0,lobby,live,,,,,,,,,,,,,,,,,,,,,,,,,,,,,,,,,,,,
1,vod_data/18.03.2019+SF+vs+NRG+BUSAN/615.jpg,03/18/2019,BUSAN,NRG,0.0,ingame,live,unknownhero,-1,charged,unknownhero,-1,,unknownhero,-1,uncharged,unknownhero,-1,,unknownhero,-1,uncharged,unknownhero,-1,uncharged,roadhog,0.9553356170654297,uncharged,roadhog,0.92461758852005,uncharged,unknownhero,-1,,ana,0.9955447912216187,uncharged,roadhog,0.9425537586212158,uncharged,unknownhero,-1,uncharged
2,vod_data/18.03.2019+SF+vs+NRG+BUSAN/630.jpg,03/18/2019,BUSAN,NRG,0.0,ingame,live,unknownhero,-1,charged,unknownhero,-1,,unknownhero,-1,uncharged,unknownhero,-1,,unknownhero,-1,uncharged,unknownhero,-1,uncharged,roadhog,0.9553356170654297,uncharged,roadhog,0.92461758852005,uncharged,unknownhero,-1,charged,ana,0.9955447912216187,uncharged,roadhog,0.9425537586212158,uncharged,unknownhero,-1,uncharged
3,vod_data/18.03.2019+SF+vs+NRG+BUSAN/945.jpg,03/18/2019,BUSAN,NRG,0.0,ingame,live,unknownhero,-1,uncharged,unknownhero,-1,uncharged,unknownhero,-1,uncharged,unknownhero,-1,uncharged,unknownhero,-1,uncharged,unknownhero,-1,uncharged,roadhog,0.9553356170654297,uncharged,roadhog,0.92461758852005,uncharged,unknownhero,-1,uncharged,unknownhero,0.9805665016174316,uncharged,unknownhero,0.9344068765640259,uncharged,unknownhero,-1,uncharged
4,vod_data/18.03.2019+SF+vs+NRG+BUSAN/960.jpg,03/18/2019,BUSAN,NRG,0.0,ingame,live,unknownhero,-1,uncharged,unknownhero,-1,uncharged,unknownhero,-1,uncharged,unknownhero,-1,uncharged,unknownhero,-1,uncharged,unknownhero,-1,uncharged,unknownhero,0.9993301630020142,uncharged,unknownhero,0.9990124702453613,uncharged,unknownhero,-1,uncharged,unknownhero,0.9805665016174316,uncharged,unknownhero,0.9344068765640259,uncharged,unknownhero,-1,uncharged
5,vod_data/18.03.2019+SF+vs+NRG+BUSAN/3360.jpg,03/18/2019,BUSAN,NRG,0.0,ingame,live,reinhardt,0.9826071858406067,uncharged,dva,0.9996154308319092,uncharged,zarya,0.9835439324378967,uncharged,unknownhero,-1,uncharged,lucio,0.9933504462242126,uncharged,unknownhero,-1,uncharged,reinhardt,0.9780096411705017,uncharged,dva,0.9979408383369446,uncharged,zarya,0.9767597317695618,uncharged,brig,0.9609460234642029,uncharged,lucio,0.9963110089302063,uncharged,zenyatta,0.9741852879524231,uncharged
6,vod_data/18.03.2019+SF+vs+NRG+BUSAN/3435.jpg,03/18/2019,BUSAN,NRG,0.0,ingame,live,reinhardt,0.9826071858406067,uncharged,dva,0.9996154308319092,uncharged,zarya,0.9835439324378967,uncharged,zenyatta,0.9993448853492737,uncharged,lucio,0.9933504462242126,uncharged,brig,0.9989398121833801,uncharged,reinhardt,0.9780096411705017,uncharged,dva,0.9979408383369446,uncharged,zarya,0.9767597317695618,uncharged,brig,0.9609460234642029,uncharged,lucio,0.9963110089302063,uncharged,zenyatta,0.9741852879524231,uncharged
7,vod_data/18.03.2019+SF+vs+NRG+BUSAN/3540.jpg,03/18/2019,BUSAN,NRG,0.0,ingame,live,hammond,0.989385724067688,uncharged,dva,0.9996154308319092,uncharged,zarya,0.9835439324378967,uncharged,zenyatta,0.9993448853492737,uncharged,lucio,0.9933504462242126,uncharged,brig,0.9989398121833801,uncharged,reinhardt,0.9780096411705017,uncharged,dva,0.9979408383369446,uncharged,zarya,0.9767597317695618,uncharged,brig,0.9609460234642029,uncharged,lucio,0.9963110089302063,uncharged,zenyatta,0.9741852879524231,uncharged
8,vod_data/18.03.2019+SF+vs+NRG+BUSAN/3690.jpg,03/18/2019,BUSAN,NRG,0.0,ingame,live,hammond,0.989385724067688,uncharged,dva,0.9996154308319092,uncharged,zarya,0.9835439324378967,uncharged,zenyatta,0.9993448853492737,uncharged,lucio,0.9933504462242126,uncharged,brig,0.9989398121833801,uncharged,reinhardt,0.9780096411705017,uncharged,dva,0.9979408383369446,uncharged,mccree,0.9791843891143799,uncharged,brig,0.9609460234642029,uncharged,lucio,0.9963110089302063,uncharged,zenyatta,0.9741852879524231,uncharged
9,vod_data/18.03.2019+SF+vs+NRG+BUSAN/3705.jpg,03/18/2019,BUSAN,NRG,0.0,ingame,live,hammond,0.989385724067688,uncharged,roadhog,0.9996397495269775,uncharged,zarya,0.9835439324378967,uncharged,zenyatta,0.9993448853492737,uncharged,lucio,0.9933504462242126,uncharged,brig,0.9989398121833801,uncharged,reinhardt,0.9780096411705017,uncharged,dva,0.9979408383369446,uncharged,mccree,0.9791843891143799,uncharged,brig,0.9609460234642029,uncharged,lucio,0.9963110089302063,uncharged,zenyatta,0.9741852879524231,uncharged
10,vod_data/18.03.2019+SF+vs+NRG+BUSAN/4050.jpg,03/18/2019,BUSAN,NRG,0.0,ingame,live,hammond,0.989385724067688,uncharged,roadhog,0.9996397495269775,uncharged,zarya,0.9835439324378967,uncharged,zenyatta,0.9993448853492737,uncharged,lucio,0.9933504462242126,uncharged,brig,0.9989398121833801,uncharged,reinhardt,0.9780096411705017,uncharged,dva,0.9979408383369446,uncharged,mccree,0.9791843891143799,uncharged,tracer,0.9997671246528625,uncharged,lucio,0.9963110089302063,uncharged,zenyatta,0.9741852879524231,uncharged
11,vod_data/18.03.2019+SF+vs+NRG+BUSAN/4635.jpg,03/18/2019,BUSAN,NRG,0.0,ingame,live,hammond,0.989385724067688,uncharged,dva,0.999568521976471,uncharged,zarya,0.9835439324378967,uncharged,zenyatta,0.9993448853492737,uncharged,lucio,0.9933504462242126,uncharged,brig,0.9989398121833801,uncharged,reinhardt,0.9780096411705017,uncharged,dva,0.9979408383369446,uncharged,mccree,0.9791843891143799,uncharged,tracer,0.9997671246528625,uncharged,lucio,0.9963110089302063,uncharged,zenyatta,0.9741852879524231,uncharged
12,vod_data/18.03.2019+SF+vs+NRG+BUSAN/4875.jpg,03/18/2019,BUSAN,NRG,0.0,ingame,live,hammond,0.989385724067688,uncharged,dva,0.999568521976471,uncharged,zarya,0.9835439324378967,uncharged,moira,0.9960618615150452,uncharged,lucio,0.9933504462242126,uncharged,brig,0.9989398121833801,uncharged,reinhardt,0.9780096411705017,uncharged,dva,0.9979408383369446,uncharged,mccree,0.9791843891143799,uncharged,tracer,0.9997671246528625,uncharged,lucio,0.9963110089302063,uncharged,zenyatta,0.9741852879524231,uncharged
13,vod_data/18.03.2019+SF+vs+NRG+BUSAN/4965.jpg,03/18/2019,BUSAN,NRG,0.0,ingame,live,reinhardt,0.981971800327301,uncharged,dva,0.999568521976471,uncharged,zarya,0.9835439324378967,uncharged,moira,0.9960618615150452,uncharged,lucio,0.9933504462242126,uncharged,brig,0.9989398121833801,uncharged,reinhardt,0.9780096411705017,uncharged,dva,0.9979408383369446,uncharged,mccree,0.9791843891143799,uncharged,tracer,0.9997671246528625,uncharged,lucio,0.9963110089302063,uncharged,zenyatta,0.9741852879524231,uncharged
14,vod_data/18.03.2019+SF+vs+NRG+BUSAN/5040.jpg,03/18/2019,BUSAN,NRG,0.0,ingame,live,reinhardt,0.981971800327301,uncharged,dva,0.999568521976471,uncharged,zarya,0.9835439324378967,uncharged,moira,0.9960618615150452,uncharged,lucio,0.9933504462242126,uncharged,brig,0.9989398121833801,uncharged,reinhardt,0.9780096411705017,uncharged,dva,0.9979408383369446,uncharged,mccree,0.9791843891143799,uncharged,brig,0.9498463869094849,uncharged,lucio,0.9963110089302063,uncharged,zenyatta,0.9741852879524231,uncharged
15,vod_data/18.03.2019+SF+vs+NRG+BUSAN/5070.jpg,03/18/2019,BUSAN,NRG,0.0,ingame,live,reinhardt,0.981971800327301,uncharged,dva,0.999568521976471,uncharged,zarya,0.9835439324378967,uncharged,brig,0.9998611211776733,uncharged,lucio,0.9933504462242126,uncharged,zenyatta,0.9954853653907776,uncharged,reinhardt,0.9780096411705017,uncharged,dva,0.9979408383369446,uncharged,mccree,0.9791843891143799,uncharged,brig,0.9498463869094849,uncharged,lucio,0.9963110089302063,uncharged,zenyatta,0.9741852879524231,uncharged
16,vod_data/18.03.2019+SF+vs+NRG+BUSAN/5100.jpg,03/18/2019,BUSAN,NRG,0.0,ingame,live,reinhardt,0.981971800327301,uncharged,dva,0.999568521976471,uncharged,zarya,0.9835439324378967,uncharged,brig,0.9998611211776733,uncharged,lucio,0.9933504462242126,uncharged,zenyatta,0.9954853653907776,uncharged,reinhardt,0.9780096411705017,uncharged,dva,0.9979408383369446,uncharged,zarya,0.979764997959137,uncharged,brig,0.9498463869094849,uncharged,lucio,0.9963110089302063,uncharged,zenyatta,0.9741852879524231,uncharged
17,vod_data/18.03.2019+SF+vs+NRG+BUSAN/5145.jpg,03/18/2019,BUSAN,NRG,0.0,ingame,live,reinhardt,0.981971800327301,uncharged,dva,0.999568521976471,uncharged,zarya,0.9835439324378967,uncharged,brig,0.9998611211776733,uncharged,lucio,0.9933504462242126,uncharged,zenyatta,0.9954853653907776,uncharged,reinhardt,0.9780096411705017,uncharged,dva,0.9979408383369446,uncharged,zarya,0.979764997959137,uncharged,brig,0.9498463869094849,uncharged,lucio,0.9963110089302063,uncharged,zenyatta,0.9741852879524231,uncharged
18,vod_data/18.03.2019+SF+vs+NRG+BUSAN/7545.jpg,03/18/2019,BUSAN,NRG,40.0,ingame,live,reinhardt,0.981971800327301,uncharged,dva,0.999568521976471,uncharged,zarya,0.9835439324378967,uncharged,brig,0.9998611211776733,uncharged,lucio,0.9933504462242126,uncharged,zenyatta,0.9954853653907776,uncharged,reinhardt,0.9780096411705017,uncharged,dva,0.9979408383369446,charged,zarya,0.979764997959137,uncharged,brig,0.9498463869094849,uncharged,lucio,0.9963110089302063,uncharged,zenyatta,0.9741852879524231,uncharged
19,vod_data/18.03.2019+SF+vs+NRG+BUSAN/7620.jpg,03/18/2019,BUSAN,NRG,41.25,ingame,live,reinhardt,0.981971800327301,uncharged,dva,0.999568521976471,uncharged,zarya,0.9835439324378967,uncharged,brig,0.9998611211776733,uncharged,lucio,0.9933504462242126,uncharged,zenyatta,0.9954853653907776,uncharged,reinhardt,0.9780096411705017,uncharged,dva,0.9979408383369446,uncharged,zarya,0.979764997959137,uncharged,brig,0.9498463869094849,uncharged,lucio,0.9963110089302063,uncharged,zenyatta,0.9741852879524231,uncharged
20,vod_data/18.03.2019+SF+vs+NRG+BUSAN/7935.jpg,03/18/2019,BUSAN,NRG,46.5,ingame,live,reinhardt,0.981971800327301,uncharged,dva,0.999568521976471,uncharged,zarya,0.9835439324378967,uncharged,brig,0.9998611211776733,uncharged,lucio,0.9933504462242126,uncharged,zenyatta,0.9954853653907776,charged,reinhardt,0.9780096411705017,uncharged,dva,0.9979408383369446,uncharged,zarya,0.979764997959137,uncharged,brig,0.9498463869094849,uncharged,lucio,0.9963110089302063,uncharged,zenyatta,0.9741852879524231,uncharged
21,vod_data/18.03.2019+SF+vs+NRG+BUSAN/8235.jpg,03/18/2019,BUSAN,NRG,51.5,ingame,live,reinhardt,0.981971800327301,uncharged,dva,0.999568521976471,uncharged,zarya,0.9835439324378967,uncharged,brig,0.9998611211776733,uncharged,lucio,0.9933504462242126,uncharged,zenyatta,0.9954853653907776,charged,reinhardt,0.9780096411705017,uncharged,dva,0.9979408383369446,charged,zarya,0.979764997959137,uncharged,brig,0.9498463869094849,uncharged,lucio,0.9963110089302063,uncharged,zenyatta,0.9741852879524231,uncharged
22,vod_data/18.03.2019+SF+vs+NRG+BUSAN/8280.jpg,03/18/2019,BUSAN,NRG,52.25,ingame,live,reinhardt,0.981971800327301,uncharged,dva,0.999568521976471,uncharged,zarya,0.9835439324378967,uncharged,brig,0.9998611211776733,uncharged,lucio,0.9933504462242126,uncharged,zenyatta,0.9954853653907776,charged,reinhardt,0.9780096411705017,uncharged,dva,0.9979408383369446,uncharged,zarya,0.979764997959137,uncharged,brig,0.9498463869094849,uncharged,lucio,0.9963110089302063,uncharged,zenyatta,0.9741852879524231,uncharged
23,vod_data/18.03.2019+SF+vs+NRG+BUSAN/8355.jpg,03/18/2019,BUSAN,NRG,53.5,ingame,live,reinhardt,0.981971800327301,uncharged,dva,0.999568521976471,uncharged,zarya,0.9835439324378967,uncharged,brig,0.9998611211776733,charged,lucio,0.9933504462242126,uncharged,zenyatta,0.9954853653907776,charged,reinhardt,0.9780096411705017,uncharged,dva,0.9979408383369446,uncharged,zarya,0.979764997959137,uncharged,brig,0.9498463869094849,uncharged,lucio,0.9963110089302063,uncharged,zenyatta,0.9741852879524231,uncharged
24,vod_data/18.03.2019+SF+vs+NRG+BUSAN/9270.jpg,03/18/2019,BUSAN,NRG,68.75,ingame,live,reinhardt,0.981971800327301,charged,dva,0.999568521976471,uncharged,zarya,0.9835439324378967,uncharged,brig,0.9998611211776733,charged,lucio,0.9933504462242126,uncharged,zenyatta,0.9954853653907776,charged,reinhardt,0.9780096411705017,uncharged,dva,0.9979408383369446,uncharged,zarya,0.979764997959137,uncharged,brig,0.9498463869094849,uncharged,lucio,0.9963110089302063,uncharged,zenyatta,0.9741852879524231,uncharged
25,vod_data/18.03.2019+SF+vs+NRG+BUSAN/9855.jpg,03/18/2019,BUSAN,NRG,78.5,ingame,live,reinhardt,0.981971800327301,charged,dva,0.999568521976471,uncharged,zarya,0.9835439324378967,uncharged,brig,0.9998611211776733,charged,lucio,0.9933504462242126,uncharged,zenyatta,0.9954853653907776,charged,reinhardt,0.9780096411705017,uncharged,dva,0.9979408383369446,uncharged,zarya,0.979764997959137,uncharged,brig,0.9498463869094849,charged,lucio,0.9963110089302063,uncharged,zenyatta,0.9741852879524231,uncharged
26,vod_data/18.03.2019+SF+vs+NRG+BUSAN/9960.jpg,03/18/2019,BUSAN,NRG,80.25,ingame,live,reinhardt,0.981971800327301,charged,dva,0.999568521976471,uncharged,zarya,0.9835439324378967,uncharged,brig,0.9998611211776733,charged,mccree,0.939521312713623,uncharged,zenyatta,0.9954853653907776,charged,reinhardt,0.9780096411705017,uncharged,dva,0.9979408383369446,uncharged,zarya,0.979764997959137,uncharged,brig,0.9498463869094849,charged,lucio,0.9963110089302063,uncharged,zenyatta,0.9741852879524231,uncharged
27,vod_data/18.03.2019+SF+vs+NRG+BUSAN/9975.jpg,03/18/2019,BUSAN,NRG,80.5,ingame,live,reinhardt,0.981971800327301,charged,dva,0.999568521976471,uncharged,zarya,0.9835439324378967,uncharged,brig,0.9998611211776733,charged,lucio,0.9999994039535522,uncharged,zenyatta,0.9954853653907776,charged,reinhardt,0.9780096411705017,uncharged,dva,0.9979408383369446,uncharged,zarya,0.979764997959137,uncharged,brig,0.9498463869094849,charged,lucio,0.9963110089302063,uncharged,zenyatta,0.9741852879524231,uncharged
28,vod_data/18.03.2019+SF+vs+NRG+BUSAN/10005.jpg,03/18/2019,BUSAN,NRG,81.0,ingame,live,reinhardt,0.981971800327301,charged,dva,0.999568521976471,uncharged,zarya,0.9835439324378967,uncharged,brig,0.9998611211776733,charged,lucio,0.9999994039535522,uncharged,zenyatta,0.9954853653907776,charged,reinhardt,0.9780096411705017,charged,dva,0.9979408383369446,uncharged,zarya,0.979764997959137,uncharged,brig,0.9498463869094849,charged,lucio,0.9963110089302063,uncharged,zenyatta,0.9741852879524231,uncharged
29,vod_data/18.03.2019+SF+vs+NRG+BUSAN/10125.jpg,03/18/2019,BUSAN,NRG,83.0,ingame,live,reinhardt,0.981971800327301,charged,dva,0.999568521976471,uncharged,zarya,0.9835439324378967,uncharged,brig,0.9998611211776733,charged,lucio,0.9999994039535522,uncharged,zenyatta,0.9954853653907776,charged,reinhardt,0.9780096411705017,charged,dva,0.9979408383369446,uncharged,zarya,0.979764997959137,uncharged,brig,0.9498463869094849,charged,lucio,0.9963110089302063,uncharged,zenyatta,0.9741852879524231,charged
30,vod_data/18.03.2019+SF+vs+NRG+BUSAN/10155.jpg,03/18/2019,BUSAN,NRG,83.5,ingame,live,reinhardt,0.981971800327301,uncharged,dva,0.999568521976471,uncharged,zarya,0.9835439324378967,uncharged,brig,0.9998611211776733,charged,lucio,0.9999994039535522,uncharged,zenyatta,0.9954853653907776,charged,reinhardt,0.9780096411705017,charged,dva,0.9979408383369446,uncharged,zarya,0.979764997959137,uncharged,brig,0.9498463869094849,charged,lucio,0.9963110089302063,uncharged,zenyatta,0.9741852879524231,charged
31,vod_data/18.03.2019+SF+vs+NRG+BUSAN/10170.jpg,03/18/2019,BUSAN,NRG,83.75,ingame,live,reinhardt,0.981971800327301,uncharged,dva,0.999568521976471,uncharged,zarya,0.9835439324378967,uncharged,brig,0.9998611211776733,charged,lucio,0.9999994039535522,uncharged,zenyatta,0.9954853653907776,charged,reinhardt,0.9780096411705017,charged,dva,0.9979408383369446,uncharged,zarya,0.979764997959137,charged,brig,0.9498463869094849,charged,lucio,0.9963110089302063,uncharged,zenyatta,0.9741852879524231,charged
32,vod_data/18.03.2019+SF+vs+NRG+BUSAN/10230.jpg,03/18/2019,BUSAN,NRG,84.75,ingame,live,reinhardt,0.981971800327301,uncharged,dva,0.999568521976471,uncharged,zarya,0.9835439324378967,uncharged,brig,0.9998611211776733,charged,lucio,0.9999994039535522,uncharged,zenyatta,0.9954853653907776,charged,reinhardt,0.9780096411705017,uncharged,dva,0.9979408383369446,uncharged,zarya,0.979764997959137,charged,brig,0.9498463869094849,charged,lucio,0.9963110089302063,uncharged,zenyatta,0.9741852879524231,charged
33,vod_data/18.03.2019+SF+vs+NRG+BUSAN/10320.jpg,03/18/2019,BUSAN,NRG,86.25,ingame,live,reinhardt,0.981971800327301,uncharged,dva,0.999568521976471,uncharged,zarya,0.9835439324378967,uncharged,brig,0.9998611211776733,charged,lucio,0.9999994039535522,uncharged,zenyatta,0.9954853653907776,uncharged,reinhardt,0.9780096411705017,uncharged,dva,0.9979408383369446,uncharged,zarya,0.979764997959137,charged,brig,0.9498463869094849,charged,lucio,0.9963110089302063,uncharged,zenyatta,0.9741852879524231,charged
34,vod_data/18.03.2019+SF+vs+NRG+BUSAN/10470.jpg,03/18/2019,BUSAN,NRG,88.75,ingame,live,reinhardt,0.981971800327301,uncharged,dva,0.999568521976471,charged,zarya,0.9835439324378967,uncharged,brig,0.9998611211776733,charged,lucio,0.9999994039535522,uncharged,zenyatta,0.9954853653907776,uncharged,reinhardt,0.9780096411705017,uncharged,dva,0.9979408383369446,uncharged,zarya,0.979764997959137,charged,brig,0.9498463869094849,charged,lucio,0.9963110089302063,uncharged,zenyatta,0.9741852879524231,uncharged
35,vod_data/18.03.2019+SF+vs+NRG+BUSAN/10545.jpg,03/18/2019,BUSAN,NRG,90.0,ingame,live,reinhardt,0.981971800327301,uncharged,dva,0.999568521976471,charged,zarya,0.9835439324378967,uncharged,brig,0.9998611211776733,charged,lucio,0.9999994039535522,charged,zenyatta,0.9954853653907776,uncharged,reinhardt,0.9780096411705017,uncharged,dva,0.9979408383369446,uncharged,zarya,0.979764997959137,charged,brig,0.9498463869094849,uncharged,lucio,0.9963110089302063,uncharged,zenyatta,0.9741852879524231,uncharged
36,vod_data/18.03.2019+SF+vs+NRG+BUSAN/10575.jpg,03/18/2019,BUSAN,NRG,90.5,ingame,live,reinhardt,0.981971800327301,uncharged,dva,0.999568521976471,charged,zarya,0.9835439324378967,uncharged,brig,0.9998611211776733,charged,lucio,0.9999994039535522,charged,zenyatta,0.9954853653907776,uncharged,reinhardt,0.9780096411705017,uncharged,dva,0.9979408383369446,uncharged,zarya,0.979764997959137,uncharged,brig,0.9498463869094849,uncharged,lucio,0.9963110089302063,uncharged,zenyatta,0.9741852879524231,uncharged
37,vod_data/18.03.2019+SF+vs+NRG+BUSAN/10650.jpg,03/18/2019,BUSAN,NRG,91.75,ingame,live,reinhardt,0.981971800327301,uncharged,dva,0.999568521976471,charged,zarya,0.9835439324378967,uncharged,brig,0.9998611211776733,charged,lucio,0.9999994039535522,charged,zenyatta,0.9954853653907776,uncharged,reinhardt,0.9780096411705017,uncharged,dva,0.9979408383369446,uncharged,zarya,0.979764997959137,uncharged,brig,0.9498463869094849,uncharged,lucio,0.9963110089302063,uncharged,zenyatta,0.9741852879524231,charged
38,vod_data/18.03.2019+SF+vs+NRG+BUSAN/10665.jpg,03/18/2019,BUSAN,NRG,92.0,ingame,live,reinhardt,0.981971800327301,uncharged,dva,0.999568521976471,charged,zarya,0.9835439324378967,charged,brig,0.9998611211776733,charged,lucio,0.9999994039535522,charged,zenyatta,0.9954853653907776,uncharged,reinhardt,0.9780096411705017,uncharged,dva,0.9979408383369446,charged,zarya,0.979764997959137,uncharged,brig,0.9498463869094849,uncharged,lucio,0.9963110089302063,uncharged,zenyatta,0.9741852879524231,charged
39,vod_data/18.03.2019+SF+vs+NRG+BUSAN/10770.jpg,03/18/2019,BUSAN,NRG,93.75,ingame,live,reinhardt,0.981971800327301,uncharged,dva,0.999568521976471,charged,zarya,0.9835439324378967,charged,brig,0.9998611211776733,uncharged,lucio,0.9999994039535522,charged,zenyatta,0.9954853653907776,uncharged,reinhardt,0.9780096411705017,uncharged,dva,0.9979408383369446,charged,zarya,0.979764997959137,uncharged,brig,0.9498463869094849,uncharged,lucio,0.9963110089302063,uncharged,zenyatta,0.9741852879524231,charged
40,vod_data/18.03.2019+SF+vs+NRG+BUSAN/10995.jpg,03/18/2019,BUSAN,NRG,97.5,ingame,live,reinhardt,0.981971800327301,uncharged,dva,0.999568521976471,charged,zarya,0.9835439324378967,charged,brig,0.9998611211776733,uncharged,lucio,0.9999994039535522,uncharged,zenyatta,0.9954853653907776,uncharged,reinhardt,0.9780096411705017,uncharged,dva,0.9979408383369446,charged,zarya,0.979764997959137,uncharged,brig,0.9498463869094849,uncharged,lucio,0.9963110089302063,uncharged,zenyatta,0.9741852879524231,charged
41,vod_data/18.03.2019+SF+vs+NRG+BUSAN/11010.jpg,03/18/2019,BUSAN,NRG,97.75,ingame,live,reinhardt,0.981971800327301,uncharged,dva,0.999568521976471,charged,zarya,0.9835439324378967,charged,brig,0.9998611211776733,uncharged,lucio,0.9999994039535522,uncharged,zenyatta,0.9954853653907776,uncharged,reinhardt,0.9780096411705017,uncharged,dva,0.9979408383369446,uncharged,zarya,0.979764997959137,uncharged,brig,0.9498463869094849,uncharged,lucio,0.9963110089302063,uncharged,zenyatta,0.9741852879524231,charged
42,vod_data/18.03.2019+SF+vs+NRG+BUSAN/11040.jpg,03/18/2019,BUSAN,NRG,98.25,ingame,live,reinhardt,0.981971800327301,uncharged,dva,0.999568521976471,charged,zarya,0.9835439324378967,charged,brig,0.9998611211776733,uncharged,lucio,0.9999994039535522,uncharged,zenyatta,0.9954853653907776,uncharged,reinhardt,0.9780096411705017,uncharged,dva,0.9979408383369446,charged,zarya,0.979764997959137,uncharged,brig,0.9498463869094849,uncharged,lucio,0.9963110089302063,uncharged,zenyatta,0.9741852879524231,charged
43,vod_data/18.03.2019+SF+vs+NRG+BUSAN/11055.jpg,03/18/2019,BUSAN,NRG,98.5,ingame,live,reinhardt,0.981971800327301,uncharged,dva,0.999568521976471,charged,zarya,0.9835439324378967,charged,brig,0.9998611211776733,uncharged,lucio,0.9999994039535522,uncharged,zenyatta,0.9954853653907776,uncharged,reinhardt,0.9780096411705017,uncharged,dva,0.9979408383369446,uncharged,zarya,0.979764997959137,uncharged,brig,0.9498463869094849,uncharged,lucio,0.9963110089302063,charged,zenyatta,0.9741852879524231,charged
44,vod_data/18.03.2019+SF+vs+NRG+BUSAN/11085.jpg,03/18/2019,BUSAN,NRG,99.0,ingame,live,reinhardt,0.981971800327301,uncharged,dva,0.999568521976471,charged,zarya,0.9835439324378967,charged,brig,0.9998611211776733,uncharged,lucio,0.9999994039535522,uncharged,zenyatta,0.9954853653907776,uncharged,reinhardt,0.9780096411705017,uncharged,dva,0.9979408383369446,charged,zarya,0.979764997959137,uncharged,brig,0.9498463869094849,uncharged,lucio,0.9963110089302063,charged,zenyatta,0.9741852879524231,charged
45,vod_data/18.03.2019+SF+vs+NRG+BUSAN/11145.jpg,03/18/2019,BUSAN,NRG,100.0,ingame,live,reinhardt,0.981971800327301,uncharged,dva,0.999568521976471,charged,zarya,0.9835439324378967,uncharged,brig,0.9998611211776733,uncharged,lucio,0.9999994039535522,uncharged,zenyatta,0.9954853653907776,uncharged,reinhardt,0.9780096411705017,uncharged,dva,0.9979408383369446,charged,zarya,0.979764997959137,uncharged,brig,0.9498463869094849,uncharged,lucio,0.9963110089302063,charged,zenyatta,0.9741852879524231,charged
46,vod_data/18.03.2019+SF+vs+NRG+BUSAN/11175.jpg,03/18/2019,BUSAN,NRG,100.5,ingame,live,reinhardt,0.981971800327301,uncharged,dva,0.999568521976471,charged,zarya,0.9835439324378967,uncharged,brig,0.9998611211776733,uncharged,lucio,0.9999994039535522,uncharged,zenyatta,0.9954853653907776,uncharged,reinhardt,0.9780096411705017,uncharged,dva,0.9979408383369446,uncharged,zarya,0.979764997959137,uncharged,brig,0.9498463869094849,uncharged,lucio,0.9963110089302063,charged,zenyatta,0.9741852879524231,charged
47,vod_data/18.03.2019+SF+vs+NRG+BUSAN/11205.jpg,03/18/2019,BUSAN,NRG,101.0,ingame,live,reinhardt,0.981971800327301,uncharged,dva,0.999568521976471,uncharged,zarya,0.9835439324378967,uncharged,brig,0.9998611211776733,uncharged,lucio,0.9999994039535522,uncharged,zenyatta,0.9954853653907776,uncharged,reinhardt,0.9780096411705017,uncharged,dva,0.9979408383369446,uncharged,zarya,0.979764997959137,uncharged,brig,0.9498463869094849,uncharged,lucio,0.9963110089302063,charged,zenyatta,0.9741852879524231,charged
48,vod_data/18.03.2019+SF+vs+NRG+BUSAN/11295.jpg,03/18/2019,BUSAN,NRG,102.5,ingame,live,reinhardt,0.981971800327301,uncharged,dva,0.999568521976471,uncharged,zarya,0.9835439324378967,uncharged,brig,0.9998611211776733,uncharged,lucio,0.9999994039535522,uncharged,zenyatta,0.9954853653907776,uncharged,reinhardt,0.9780096411705017,uncharged,dva,0.9979408383369446,uncharged,zarya,0.979764997959137,uncharged,brig,0.9498463869094849,uncharged,lucio,0.9963110089302063,charged,zenyatta,0.9741852879524231,uncharged
49,vod_data/18.03.2019+SF+vs+NRG+BUSAN/11595.jpg,03/18/2019,BUSAN,NRG,107.5,ingame,live,reinhardt,0.981971800327301,uncharged,dva,0.999568521976471,uncharged,zarya,0.9835439324378967,uncharged,brig,0.9998611211776733,uncharged,lucio,0.9999994039535522,uncharged,zenyatta,0.9954853653907776,uncharged,reinhardt,0.9780096411705017,uncharged,dva,0.9979408383369446,uncharged,zarya,0.979764997959137,uncharged,brig,0.9498463869094849,uncharged,lucio,0.9963110089302063,uncharged,zenyatta,0.9741852879524231,uncharged
50,vod_data/18.03.2019+SF+vs+NRG+BUSAN/11775.jpg,03/18/2019,BUSAN,NRG,110.5,ingame,live,reinhardt,0.981971800327301,uncharged,dva,0.999568521976471,uncharged,zarya,0.9835439324378967,uncharged,brig,0.9998611211776733,uncharged,lucio,0.9999994039535522,uncharged,zenyatta,0.9954853653907776,uncharged,reinhardt,0.9780096411705017,uncharged,dva,0.9979408383369446,charged,zarya,0.979764997959137,uncharged,brig,0.9498463869094849,uncharged,lucio,0.9963110089302063,uncharged,zenyatta,0.9741852879524231,uncharged
51,vod_data/18.03.2019+SF+vs+NRG+BUSAN/11835.jpg,03/18/2019,BUSAN,NRG,111.5,ingame,live,reinhardt,0.981971800327301,uncharged,dva,0.999568521976471,uncharged,zarya,0.9835439324378967,uncharged,brig,0.9998611211776733,uncharged,lucio,0.9999994039535522,uncharged,zenyatta,0.9954853653907776,uncharged,reinhardt,0.9780096411705017,uncharged,dva,0.9979408383369446,uncharged,zarya,0.979764997959137,uncharged,brig,0.9498463869094849,uncharged,lucio,0.9963110089302063,uncharged,zenyatta,0.9741852879524231,uncharged
52,vod_data/18.03.2019+SF+vs+NRG+BUSAN/12735.jpg,03/18/2019,BUSAN,NRG,126.5,ingame,live,reinhardt,0.981971800327301,uncharged,dva,0.999568521976471,charged,zarya,0.9835439324378967,uncharged,brig,0.9998611211776733,uncharged,lucio,0.9999994039535522,uncharged,zenyatta,0.9954853653907776,uncharged,reinhardt,0.9780096411705017,uncharged,dva,0.9979408383369446,uncharged,zarya,0.979764997959137,uncharged,brig,0.9498463869094849,uncharged,lucio,0.9963110089302063,uncharged,zenyatta,0.9741852879524231,uncharged
53,vod_data/18.03.2019+SF+vs+NRG+BUSAN/12840.jpg,03/18/2019,BUSAN,NRG,128.25,ingame,live,reinhardt,0.981971800327301,uncharged,dva,0.999568521976471,uncharged,zarya,0.9835439324378967,uncharged,brig,0.9998611211776733,uncharged,lucio,0.9999994039535522,uncharged,zenyatta,0.9954853653907776,uncharged,reinhardt,0.9780096411705017,uncharged,dva,0.9979408383369446,uncharged,zarya,0.979764997959137,uncharged,brig,0.9498463869094849,uncharged,lucio,0.9963110089302063,uncharged,zenyatta,0.9741852879524231,uncharged
54,vod_data/18.03.2019+SF+vs+NRG+BUSAN/13425.jpg,03/18/2019,BUSAN,NRG,138.0,ingame,live,reinhardt,0.981971800327301,uncharged,dva,0.999568521976471,uncharged,zarya,0.9835439324378967,uncharged,brig,0.9998611211776733,uncharged,lucio,0.9999994039535522,uncharged,zenyatta,0.9954853653907776,charged,reinhardt,0.9780096411705017,uncharged,dva,0.9979408383369446,uncharged,zarya,0.979764997959137,uncharged,brig,0.9498463869094849,uncharged,lucio,0.9963110089302063,uncharged,zenyatta,0.9741852879524231,uncharged
55,vod_data/18.03.2019+SF+vs+NRG+BUSAN/14325.jpg,03/18/2019,BUSAN,NRG,153.0,ingame,live,reinhardt,0.981971800327301,charged,dva,0.999568521976471,uncharged,zarya,0.9835439324378967,uncharged,brig,0.9998611211776733,uncharged,lucio,0.9999994039535522,uncharged,zenyatta,0.9954853653907776,charged,reinhardt,0.9780096411705017,uncharged,dva,0.9979408383369446,uncharged,zarya,0.979764997959137,uncharged,brig,0.9498463869094849,uncharged,lucio,0.9963110089302063,uncharged,zenyatta,0.9741852879524231,uncharged
56,vod_data/18.03.2019+SF+vs+NRG+BUSAN/14790.jpg,03/18/2019,BUSAN,NRG,160.75,ingame,live,reinhardt,0.981971800327301,charged,dva,0.999568521976471,uncharged,zarya,0.9835439324378967,charged,brig,0.9998611211776733,uncharged,lucio,0.9999994039535522,uncharged,zenyatta,0.9954853653907776,charged,reinhardt,0.9780096411705017,uncharged,dva,0.9979408383369446,uncharged,zarya,0.979764997959137,uncharged,brig,0.9498463869094849,uncharged,lucio,0.9963110089302063,uncharged,zenyatta,0.9741852879524231,uncharged
57,vod_data/18.03.2019+SF+vs+NRG+BUSAN/14850.jpg,03/18/2019,BUSAN,NRG,161.75,ingame,live,reinhardt,0.981971800327301,charged,dva,0.999568521976471,uncharged,zarya,0.9835439324378967,charged,brig,0.9998611211776733,uncharged,lucio,0.9999994039535522,uncharged,zenyatta,0.9954853653907776,charged,reinhardt,0.9780096411705017,uncharged,dva,0.9979408383369446,uncharged,zarya,0.979764997959137,charged,brig,0.9498463869094849,uncharged,lucio,0.9963110089302063,uncharged,zenyatta,0.9741852879524231,uncharged
58,vod_data/18.03.2019+SF+vs+NRG+BUSAN/14955.jpg,03/18/2019,BUSAN,NRG,163.5,ingame,live,reinhardt,0.981971800327301,charged,dva,0.999568521976471,uncharged,zarya,0.9835439324378967,uncharged,brig,0.9998611211776733,uncharged,lucio,0.9999994039535522,uncharged,zenyatta,0.9954853653907776,charged,reinhardt,0.9780096411705017,uncharged,dva,0.9979408383369446,uncharged,zarya,0.979764997959137,charged,brig,0.9498463869094849,uncharged,lucio,0.9963110089302063,uncharged,zenyatta,0.9741852879524231,uncharged
59,vod_data/18.03.2019+SF+vs+NRG+BUSAN/14985.jpg,03/18/2019,BUSAN,NRG,164.0,ingame,live,reinhardt,0.981971800327301,charged,dva,0.999568521976471,uncharged,zarya,0.9835439324378967,uncharged,brig,0.9998611211776733,uncharged,lucio,0.9999994039535522,uncharged,zenyatta,0.9954853653907776,charged,reinhardt,0.9780096411705017,uncharged,dva,0.9979408383369446,uncharged,zarya,0.979764997959137,uncharged,brig,0.9498463869094849,uncharged,lucio,0.9963110089302063,uncharged,zenyatta,0.9741852879524231,uncharged
60,vod_data/18.03.2019+SF+vs+NRG+BUSAN/15120.jpg,03/18/2019,BUSAN,NRG,166.25,ingame,live,reinhardt,0.981971800327301,charged,dva,0.999568521976471,uncharged,zarya,0.9835439324378967,uncharged,brig,0.9998611211776733,uncharged,lucio,0.9999994039535522,uncharged,zenyatta,0.9954853653907776,charged,reinhardt,0.9780096411705017,charged,dva,0.9979408383369446,uncharged,zarya,0.979764997959137,uncharged,brig,0.9498463869094849,uncharged,lucio,0.9963110089302063,uncharged,zenyatta,0.9741852879524231,uncharged
61,vod_data/18.03.2019+SF+vs+NRG+BUSAN/15195.jpg,03/18/2019,BUSAN,NRG,167.5,ingame,live,reinhardt,0.981971800327301,charged,dva,0.999568521976471,uncharged,zarya,0.9835439324378967,uncharged,brig,0.9998611211776733,charged,lucio,0.9999994039535522,uncharged,zenyatta,0.9954853653907776,charged,reinhardt,0.9780096411705017,charged,dva,0.9979408383369446,uncharged,zarya,0.979764997959137,uncharged,brig,0.9498463869094849,uncharged,lucio,0.9963110089302063,uncharged,zenyatta,0.9741852879524231,uncharged
62,vod_data/18.03.2019+SF+vs+NRG+BUSAN/15210.jpg,03/18/2019,BUSAN,NRG,167.75,ingame,live,reinhardt,0.981971800327301,uncharged,dva,0.999568521976471,uncharged,zarya,0.9835439324378967,uncharged,brig,0.9998611211776733,charged,lucio,0.9999994039535522,uncharged,zenyatta,0.9954853653907776,charged,reinhardt,0.9780096411705017,charged,dva,0.9979408383369446,uncharged,zarya,0.979764997959137,uncharged,brig,0.9498463869094849,uncharged,lucio,0.9963110089302063,uncharged,zenyatta,0.9741852879524231,uncharged
63,vod_data/18.03.2019+SF+vs+NRG+BUSAN/15300.jpg,03/18/2019,BUSAN,NRG,169.25,ingame,live,reinhardt,0.981971800327301,uncharged,dva,0.999568521976471,uncharged,zarya,0.9835439324378967,uncharged,brig,0.9998611211776733,charged,lucio,0.9999994039535522,uncharged,zenyatta,0.9954853653907776,charged,reinhardt,0.9780096411705017,uncharged,dva,0.9979408383369446,uncharged,zarya,0.979764997959137,uncharged,brig,0.9498463869094849,charged,lucio,0.9963110089302063,uncharged,zenyatta,0.9741852879524231,uncharged
64,vod_data/18.03.2019+SF+vs+NRG+BUSAN/15330.jpg,03/18/2019,BUSAN,NRG,169.75,ingame,live,reinhardt,0.981971800327301,uncharged,dva,0.999568521976471,uncharged,zarya,0.9835439324378967,uncharged,brig,0.9998611211776733,charged,lucio,0.9999994039535522,uncharged,zenyatta,0.9954853653907776,charged,reinhardt,0.9780096411705017,charged,dva,0.9979408383369446,uncharged,zarya,0.979764997959137,uncharged,brig,0.9498463869094849,charged,lucio,0.9963110089302063,uncharged,zenyatta,0.9741852879524231,uncharged
65,vod_data/18.03.2019+SF+vs+NRG+BUSAN/15690.jpg,03/18/2019,BUSAN,NRG,175.75,ingame,live,reinhardt,0.981971800327301,uncharged,dva,0.999568521976471,uncharged,zarya,0.9835439324378967,uncharged,brig,0.9998611211776733,charged,lucio,0.9999994039535522,uncharged,zenyatta,0.9954853653907776,charged,reinhardt,0.9780096411705017,charged,dva,0.9979408383369446,uncharged,zarya,0.979764997959137,uncharged,brig,0.9498463869094849,charged,lucio,0.9963110089302063,uncharged,zenyatta,0.9741852879524231,charged
66,vod_data/18.03.2019+SF+vs+NRG+BUSAN/15735.jpg,03/18/2019,BUSAN,NRG,176.5,ingame,live,reinhardt,0.981971800327301,uncharged,dva,0.999568521976471,uncharged,zarya,0.9835439324378967,uncharged,brig,0.9998611211776733,charged,lucio,0.9999994039535522,uncharged,zenyatta,0.9954853653907776,charged,reinhardt,0.9780096411705017,uncharged,dva,0.9979408383369446,uncharged,zarya,0.979764997959137,uncharged,brig,0.9498463869094849,charged,lucio,0.9963110089302063,uncharged,zenyatta,0.9741852879524231,charged
67,vod_data/18.03.2019+SF+vs+NRG+BUSAN/15795.jpg,03/18/2019,BUSAN,NRG,177.5,ingame,live,reinhardt,0.981971800327301,uncharged,dva,0.999568521976471,uncharged,zarya,0.9835439324378967,uncharged,brig,0.9998611211776733,uncharged,lucio,0.9999994039535522,uncharged,zenyatta,0.9954853653907776,uncharged,reinhardt,0.9780096411705017,uncharged,dva,0.9979408383369446,uncharged,zarya,0.979764997959137,uncharged,brig,0.9498463869094849,charged,lucio,0.9963110089302063,uncharged,zenyatta,0.9741852879524231,charged
68,vod_data/18.03.2019+SF+vs+NRG+BUSAN/15810.jpg,03/18/2019,BUSAN,NRG,177.75,ingame,live,reinhardt,0.981971800327301,uncharged,dva,0.999568521976471,uncharged,zarya,0.9835439324378967,uncharged,brig,0.9998611211776733,uncharged,lucio,0.9999994039535522,uncharged,zenyatta,0.9954853653907776,uncharged,reinhardt,0.9780096411705017,uncharged,dva,0.9979408383369446,uncharged,zarya,0.979764997959137,uncharged,brig,0.9498463869094849,charged,lucio,0.9963110089302063,uncharged,zenyatta,0.9741852879524231,uncharged
69,vod_data/18.03.2019+SF+vs+NRG+BUSAN/15930.jpg,03/18/2019,BUSAN,NRG,179.75,ingame,live,reinhardt,0.981971800327301,uncharged,dva,0.999568521976471,uncharged,zarya,0.9835439324378967,uncharged,brig,0.9998611211776733,uncharged,lucio,0.9999994039535522,uncharged,zenyatta,0.9954853653907776,uncharged,reinhardt,0.9780096411705017,uncharged,dva,0.9979408383369446,uncharged,zarya,0.979764997959137,uncharged,brig,0.9498463869094849,uncharged,lucio,0.9963110089302063,uncharged,zenyatta,0.9741852879524231,uncharged
70,vod_data/18.03.2019+SF+vs+NRG+BUSAN/16275.jpg,03/18/2019,BUSAN,NRG,179.75,ingame,live,unknownhero,0.9700166583061218,uncharged,unknownhero,0.9751617908477783,uncharged,zarya,0.9835439324378967,uncharged,unknownhero,0.9451033473014832,uncharged,lucio,0.9999994039535522,uncharged,zenyatta,0.9954853653907776,uncharged,unknownhero,0.9993301630020142,uncharged,unknownhero,0.9990124702453613,uncharged,unknownhero,0.9992395639419556,uncharged,unknownhero,0.9993700385093689,uncharged,unknownhero,0.9995997548103333,uncharged,unknownhero,0.9995951056480408,uncharged
71,vod_data/18.03.2019+SF+vs+NRG+BUSAN/16290.jpg,03/18/2019,BUSAN,NRG,179.75,ingame,live,reinhardt,0.9999688863754272,uncharged,dva,0.9999979734420776,uncharged,zarya,0.9835439324378967,uncharged,brig,0.999874472618103,uncharged,lucio,0.9999994039535522,uncharged,zenyatta,0.9954853653907776,uncharged,reinhardt,0.9991642236709595,uncharged,dva,0.9998589754104614,uncharged,zarya,0.9975645542144775,uncharged,brig,0.9962134957313538,uncharged,lucio,0.9957658052444458,uncharged,zenyatta,0.9956310987472534,uncharged
72,vod_data/18.03.2019+SF+vs+NRG+BUSAN/16560.jpg,03/18/2019,BUSAN,NRG,179.75,ingame,live,hammond,0.9874688386917114,uncharged,dva,0.9999979734420776,uncharged,zarya,0.9835439324378967,uncharged,brig,0.999874472618103,uncharged,lucio,0.9999994039535522,uncharged,zenyatta,0.9954853653907776,uncharged,reinhardt,0.9991642236709595,uncharged,dva,0.9998589754104614,uncharged,zarya,0.9975645542144775,uncharged,brig,0.9962134957313538,uncharged,lucio,0.9957658052444458,uncharged,zenyatta,0.9956310987472534,uncharged
73,vod_data/18.03.2019+SF+vs+NRG+BUSAN/17655.jpg,03/18/2019,BUSAN,NRG,179.75,ingame,live,reinhardt,0.9826305508613586,uncharged,dva,0.9999979734420776,uncharged,zarya,0.9835439324378967,uncharged,brig,0.999874472618103,uncharged,lucio,0.9999994039535522,uncharged,zenyatta,0.9954853653907776,uncharged,reinhardt,0.9991642236709595,uncharged,dva,0.9998589754104614,uncharged,zarya,0.9975645542144775,uncharged,brig,0.9962134957313538,uncharged,lucio,0.9957658052444458,uncharged,zenyatta,0.9956310987472534,uncharged
74,vod_data/18.03.2019+SF+vs+NRG+BUSAN/18090.jpg,03/18/2019,BUSAN,NRG,179.75,ingame,live,reinhardt,0.9826305508613586,uncharged,dva,0.9999979734420776,uncharged,zarya,0.9835439324378967,uncharged,brig,0.999874472618103,uncharged,lucio,0.9999994039535522,uncharged,zenyatta,0.9954853653907776,uncharged,reinhardt,0.9991642236709595,uncharged,dva,0.9998589754104614,uncharged,zarya,0.9975645542144775,uncharged,brig,0.9962134957313538,uncharged,lucio,0.9957658052444458,uncharged,zenyatta,0.9956310987472534,uncharged
75,vod_data/18.03.2019+SF+vs+NRG+BUSAN/20040.jpg,03/18/2019,BUSAN,NRG,212.25,ingame,live,reinhardt,0.9826305508613586,uncharged,dva,0.9999979734420776,uncharged,zarya,0.9835439324378967,uncharged,brig,0.999874472618103,uncharged,lucio,0.9999994039535522,uncharged,zenyatta,0.9954853653907776,uncharged,reinhardt,0.9991642236709595,uncharged,dva,0.9998589754104614,uncharged,zarya,0.9975645542144775,uncharged,brig,0.9962134957313538,charged,lucio,0.9957658052444458,uncharged,zenyatta,0.9956310987472534,uncharged
76,vod_data/18.03.2019+SF+vs+NRG+BUSAN/20610.jpg,03/18/2019,BUSAN,NRG,221.75,ingame,live,reinhardt,0.9826305508613586,uncharged,dva,0.9999979734420776,uncharged,zarya,0.9835439324378967,uncharged,brig,0.999874472618103,charged,lucio,0.9999994039535522,uncharged,zenyatta,0.9954853653907776,uncharged,reinhardt,0.9991642236709595,uncharged,dva,0.9998589754104614,uncharged,zarya,0.9975645542144775,uncharged,brig,0.9962134957313538,charged,lucio,0.9957658052444458,uncharged,zenyatta,0.9956310987472534,uncharged
77,vod_data/18.03.2019+SF+vs+NRG+BUSAN/20655.jpg,03/18/2019,BUSAN,NRG,222.5,ingame,live,reinhardt,0.9826305508613586,uncharged,dva,0.9999979734420776,uncharged,zarya,0.9835439324378967,uncharged,brig,0.999874472618103,charged,lucio,0.9999994039535522,uncharged,zenyatta,0.9954853653907776,uncharged,reinhardt,0.9991642236709595,uncharged,dva,0.9998589754104614,uncharged,zarya,0.9975645542144775,uncharged,brig,0.9962134957313538,uncharged,lucio,0.9957658052444458,uncharged,zenyatta,0.9956310987472534,uncharged
78,vod_data/18.03.2019+SF+vs+NRG+BUSAN/21030.jpg,03/18/2019,BUSAN,NRG,228.75,ingame,live,reinhardt,0.9826305508613586,uncharged,dva,0.9999979734420776,uncharged,zarya,0.9835439324378967,uncharged,brig,0.999874472618103,charged,lucio,0.9999994039535522,uncharged,zenyatta,0.9954853653907776,charged,reinhardt,0.9991642236709595,uncharged,dva,0.9998589754104614,uncharged,zarya,0.9975645542144775,uncharged,brig,0.9962134957313538,uncharged,lucio,0.9957658052444458,uncharged,zenyatta,0.9956310987472534,uncharged
79,vod_data/18.03.2019+SF+vs+NRG+BUSAN/21045.jpg,03/18/2019,BUSAN,NRG,229.0,ingame,live,reinhardt,0.9826305508613586,uncharged,dva,0.9999979734420776,uncharged,zarya,0.9835439324378967,charged,brig,0.999874472618103,charged,lucio,0.9999994039535522,uncharged,zenyatta,0.9954853653907776,charged,reinhardt,0.9991642236709595,uncharged,dva,0.9998589754104614,uncharged,zarya,0.9975645542144775,uncharged,brig,0.9962134957313538,uncharged,lucio,0.9957658052444458,uncharged,zenyatta,0.9956310987472534,uncharged
80,vod_data/18.03.2019+SF+vs+NRG+BUSAN/21135.jpg,03/18/2019,BUSAN,NRG,230.5,ingame,live,reinhardt,0.9826305508613586,charged,dva,0.9999979734420776,uncharged,zarya,0.9835439324378967,charged,brig,0.999874472618103,charged,lucio,0.9999994039535522,uncharged,zenyatta,0.9954853653907776,charged,reinhardt,0.9991642236709595,uncharged,dva,0.9998589754104614,uncharged,zarya,0.9975645542144775,uncharged,brig,0.9962134957313538,uncharged,lucio,0.9957658052444458,uncharged,zenyatta,0.9956310987472534,uncharged
81,vod_data/18.03.2019+SF+vs+NRG+BUSAN/21285.jpg,03/18/2019,BUSAN,NRG,233.0,ingame,live,reinhardt,0.9826305508613586,charged,dva,0.9999979734420776,uncharged,zarya,0.9835439324378967,charged,brig,0.999874472618103,uncharged,lucio,0.9999994039535522,uncharged,zenyatta,0.9954853653907776,charged,reinhardt,0.9991642236709595,uncharged,dva,0.9998589754104614,uncharged,zarya,0.9975645542144775,uncharged,brig,0.9962134957313538,uncharged,lucio,0.9957658052444458,uncharged,zenyatta,0.9956310987472534,uncharged
82,vod_data/18.03.2019+SF+vs+NRG+BUSAN/23145.jpg,03/18/2019,BUSAN,NRG,264.0,ingame,live,reinhardt,0.9826305508613586,charged,dva,0.9999979734420776,uncharged,zarya,0.9835439324378967,charged,brig,0.999874472618103,uncharged,lucio,0.9999994039535522,uncharged,zenyatta,0.9954853653907776,charged,reinhardt,0.9991642236709595,uncharged,dva,0.9998589754104614,uncharged,zarya,0.9975645542144775,uncharged,brig,0.9962134957313538,uncharged,lucio,0.9957658052444458,uncharged,zenyatta,0.9956310987472534,charged
83,vod_data/18.03.2019+SF+vs+NRG+BUSAN/23370.jpg,03/18/2019,BUSAN,NRG,267.75,ingame,live,reinhardt,0.9826305508613586,charged,dva,0.9999979734420776,uncharged,zarya,0.9835439324378967,charged,brig,0.999874472618103,uncharged,lucio,0.9999994039535522,charged,zenyatta,0.9954853653907776,charged,reinhardt,0.9991642236709595,uncharged,dva,0.9998589754104614,uncharged,zarya,0.9975645542144775,uncharged,brig,0.9962134957313538,uncharged,lucio,0.9957658052444458,uncharged,zenyatta,0.9956310987472534,charged
84,vod_data/18.03.2019+SF+vs+NRG+BUSAN/23595.jpg,03/18/2019,BUSAN,NRG,271.5,ingame,live,reinhardt,0.9826305508613586,charged,dva,0.9999979734420776,uncharged,zarya,0.9835439324378967,charged,brig,0.999874472618103,uncharged,lucio,0.9999994039535522,charged,zenyatta,0.9954853653907776,charged,reinhardt,0.9991642236709595,uncharged,dva,0.9998589754104614,uncharged,zarya,0.9975645542144775,charged,brig,0.9962134957313538,uncharged,lucio,0.9957658052444458,uncharged,zenyatta,0.9956310987472534,charged
85,vod_data/18.03.2019+SF+vs+NRG+BUSAN/23805.jpg,03/18/2019,BUSAN,NRG,275.0,ingame,live,reinhardt,0.9826305508613586,charged,dva,0.9999979734420776,uncharged,zarya,0.9835439324378967,charged,brig,0.999874472618103,uncharged,lucio,0.9999994039535522,charged,zenyatta,0.9954853653907776,charged,reinhardt,0.9991642236709595,charged,dva,0.9998589754104614,uncharged,zarya,0.9975645542144775,charged,brig,0.9962134957313538,uncharged,lucio,0.9957658052444458,uncharged,zenyatta,0.9956310987472534,charged
86,vod_data/18.03.2019+SF+vs+NRG+BUSAN/23865.jpg,03/18/2019,BUSAN,NRG,276.0,ingame,live,reinhardt,0.9826305508613586,charged,dva,0.9999979734420776,charged,zarya,0.9835439324378967,charged,brig,0.999874472618103,uncharged,lucio,0.9999994039535522,charged,zenyatta,0.9954853653907776,charged,reinhardt,0.9991642236709595,charged,dva,0.9998589754104614,uncharged,zarya,0.9975645542144775,charged,brig,0.9962134957313538,uncharged,lucio,0.9957658052444458,uncharged,zenyatta,0.9956310987472534,charged
87,vod_data/18.03.2019+SF+vs+NRG+BUSAN/23940.jpg,03/18/2019,BUSAN,NRG,277.25,ingame,live,reinhardt,0.9826305508613586,uncharged,dva,0.9999979734420776,charged,zarya,0.9835439324378967,charged,brig,0.999874472618103,uncharged,lucio,0.9999994039535522,charged,zenyatta,0.9954853653907776,charged,reinhardt,0.9991642236709595,charged,dva,0.9998589754104614,uncharged,zarya,0.9975645542144775,charged,brig,0.9962134957313538,uncharged,lucio,0.9957658052444458,uncharged,zenyatta,0.9956310987472534,uncharged
88,vod_data/18.03.2019+SF+vs+NRG+BUSAN/24180.jpg,03/18/2019,BUSAN,NRG,281.25,ingame,live,reinhardt,0.9826305508613586,uncharged,dva,0.9999979734420776,charged,zarya,0.9835439324378967,charged,brig,0.999874472618103,uncharged,lucio,0.9999994039535522,charged,zenyatta,0.9954853653907776,charged,reinhardt,0.9991642236709595,charged,dva,0.9998589754104614,uncharged,zarya,0.9975645542144775,charged,brig,0.9962134957313538,uncharged,lucio,0.9957658052444458,uncharged,zenyatta,0.9956310987472534,charged
89,vod_data/18.03.2019+SF+vs+NRG+BUSAN/24600.jpg,03/18/2019,BUSAN,NRG,288.25,ingame,live,reinhardt,0.9826305508613586,uncharged,dva,0.9999979734420776,charged,zarya,0.9835439324378967,charged,brig,0.999874472618103,uncharged,lucio,0.9999994039535522,charged,zenyatta,0.9954853653907776,charged,reinhardt,0.9991642236709595,charged,dva,0.9998589754104614,uncharged,zarya,0.9975645542144775,charged,brig,0.9962134957313538,uncharged,lucio,0.9957658052444458,uncharged,zenyatta,0.9956310987472534,uncharged
90,vod_data/18.03.2019+SF+vs+NRG+BUSAN/24660.jpg,03/18/2019,BUSAN,NRG,289.25,ingame,live,reinhardt,0.9826305508613586,uncharged,dva,0.9999979734420776,charged,zarya,0.9835439324378967,charged,brig,0.999874472618103,uncharged,lucio,0.9999994039535522,charged,zenyatta,0.9954853653907776,charged,reinhardt,0.9991642236709595,charged,dva,0.9998589754104614,uncharged,zarya,0.9975645542144775,charged,brig,0.9962134957313538,uncharged,lucio,0.9957658052444458,uncharged,zenyatta,0.9956310987472534,charged
91,vod_data/18.03.2019+SF+vs+NRG+BUSAN/24960.jpg,03/18/2019,BUSAN,NRG,294.25,ingame,live,reinhardt,0.9826305508613586,uncharged,dva,0.9999979734420776,charged,zarya,0.9835439324378967,charged,brig,0.999874472618103,uncharged,lucio,0.9999994039535522,charged,zenyatta,0.9954853653907776,charged,reinhardt,0.9991642236709595,charged,dva,0.9998589754104614,uncharged,zarya,0.9975645542144775,charged,brig,0.9962134957313538,uncharged,lucio,0.9957658052444458,uncharged,zenyatta,0.9956310987472534,uncharged
92,vod_data/18.03.2019+SF+vs+NRG+BUSAN/25020.jpg,03/18/2019,BUSAN,NRG,295.25,ingame,live,reinhardt,0.9826305508613586,uncharged,dva,0.9999979734420776,charged,zarya,0.9835439324378967,charged,brig,0.999874472618103,uncharged,lucio,0.9999994039535522,charged,zenyatta,0.9954853653907776,charged,reinhardt,0.9991642236709595,charged,dva,0.9998589754104614,uncharged,zarya,0.9975645542144775,charged,brig,0.9962134957313538,uncharged,lucio,0.9957658052444458,uncharged,zenyatta,0.9956310987472534,charged
93,vod_data/18.03.2019+SF+vs+NRG+BUSAN/25260.jpg,03/18/2019,BUSAN,NRG,299.25,ingame,live,reinhardt,0.9826305508613586,uncharged,dva,0.9999979734420776,charged,zarya,0.9835439324378967,charged,brig,0.999874472618103,uncharged,lucio,0.9999994039535522,charged,zenyatta,0.9954853653907776,charged,reinhardt,0.9991642236709595,charged,dva,0.9998589754104614,uncharged,zarya,0.9975645542144775,charged,brig,0.9962134957313538,uncharged,lucio,0.9957658052444458,uncharged,zenyatta,0.9956310987472534,uncharged
94,vod_data/18.03.2019+SF+vs+NRG+BUSAN/25320.jpg,03/18/2019,BUSAN,NRG,300.25,ingame,live,reinhardt,0.9826305508613586,uncharged,dva,0.9999979734420776,charged,zarya,0.9835439324378967,charged,brig,0.999874472618103,uncharged,lucio,0.9999994039535522,charged,zenyatta,0.9954853653907776,charged,reinhardt,0.9991642236709595,charged,dva,0.9998589754104614,uncharged,zarya,0.9975645542144775,charged,brig,0.9962134957313538,uncharged,lucio,0.9957658052444458,uncharged,zenyatta,0.9956310987472534,charged
95,vod_data/18.03.2019+SF+vs+NRG+BUSAN/25380.jpg,03/18/2019,BUSAN,NRG,301.25,ingame,live,reinhardt,0.9826305508613586,uncharged,dva,0.9999979734420776,charged,zarya,0.9835439324378967,charged,brig,0.999874472618103,uncharged,lucio,0.9999994039535522,charged,zenyatta,0.9954853653907776,charged,reinhardt,0.9991642236709595,charged,dva,0.9998589754104614,uncharged,zarya,0.9975645542144775,charged,brig,0.9962134957313538,uncharged,lucio,0.9957658052444458,uncharged,zenyatta,0.9956310987472534,uncharged
96,vod_data/18.03.2019+SF+vs+NRG+BUSAN/25440.jpg,03/18/2019,BUSAN,NRG,302.25,ingame,live,reinhardt,0.9826305508613586,uncharged,dva,0.9999979734420776,charged,zarya,0.9835439324378967,charged,brig,0.999874472618103,uncharged,lucio,0.9999994039535522,charged,zenyatta,0.9954853653907776,charged,reinhardt,0.9991642236709595,charged,dva,0.9998589754104614,uncharged,zarya,0.9975645542144775,charged,brig,0.9962134957313538,uncharged,lucio,0.9957658052444458,uncharged,zenyatta,0.9956310987472534,charged
97,vod_data/18.03.2019+SF+vs+NRG+BUSAN/25500.jpg,03/18/2019,BUSAN,NRG,303.25,ingame,live,reinhardt,0.9826305508613586,uncharged,dva,0.9999979734420776,charged,zarya,0.9835439324378967,charged,brig,0.999874472618103,uncharged,lucio,0.9999994039535522,charged,zenyatta,0.9954853653907776,charged,reinhardt,0.9991642236709595,charged,dva,0.9998589754104614,uncharged,zarya,0.9975645542144775,charged,brig,0.9962134957313538,uncharged,lucio,0.9957658052444458,uncharged,zenyatta,0.9956310987472534,uncharged
98,vod_data/18.03.2019+SF+vs+NRG+BUSAN/25800.jpg,03/18/2019,BUSAN,NRG,308.25,ingame,live,reinhardt,0.9826305508613586,uncharged,dva,0.9999979734420776,charged,zarya,0.9835439324378967,charged,brig,0.999874472618103,uncharged,lucio,0.9999994039535522,charged,zenyatta,0.9954853653907776,charged,reinhardt,0.9991642236709595,charged,dva,0.9998589754104614,uncharged,zarya,0.9975645542144775,charged,brig,0.9962134957313538,uncharged,lucio,0.9957658052444458,uncharged,zenyatta,0.9956310987472534,charged
99,vod_data/18.03.2019+SF+vs+NRG+BUSAN/25860.jpg,03/18/2019,BUSAN,NRG,309.25,ingame,live,reinhardt,0.9826305508613586,uncharged,dva,0.9999979734420776,charged,zarya,0.9835439324378967,charged,brig,0.999874472618103,uncharged,lucio,0.9999994039535522,charged,zenyatta,0.9954853653907776,charged,reinhardt,0.9991642236709595,charged,dva,0.9998589754104614,uncharged,zarya,0.9975645542144775,charged,brig,0.9962134957313538,uncharged,lucio,0.9957658052444458,uncharged,zenyatta,0.9956310987472534,uncharged
100,vod_data/18.03.2019+SF+vs+NRG+BUSAN/26025.jpg,03/18/2019,BUSAN,NRG,312.0,ingame,live,reinhardt,0.9826305508613586,uncharged,dva,0.9999979734420776,charged,zarya,0.9835439324378967,charged,brig,0.999874472618103,uncharged,lucio,0.9999994039535522,charged,zenyatta,0.9954853653907776,charged,reinhardt,0.9991642236709595,charged,dva,0.9998589754104614,uncharged,zarya,0.9975645542144775,charged,brig,0.9962134957313538,uncharged,lucio,0.9957658052444458,uncharged,zenyatta,0.9956310987472534,charged
101,vod_data/18.03.2019+SF+vs+NRG+BUSAN/26415.jpg,03/18/2019,BUSAN,NRG,318.5,ingame,live,reinhardt,0.9826305508613586,uncharged,dva,0.9999979734420776,charged,zarya,0.9835439324378967,charged,brig,0.999874472618103,uncharged,lucio,0.9999994039535522,charged,zenyatta,0.9954853653907776,charged,winston,0.9771066308021545,charged,dva,0.9998589754104614,uncharged,zarya,0.9975645542144775,charged,brig,0.9962134957313538,uncharged,lucio,0.9957658052444458,uncharged,zenyatta,0.9956310987472534,charged
102,vod_data/18.03.2019+SF+vs+NRG+BUSAN/26430.jpg,03/18/2019,BUSAN,NRG,318.75,ingame,live,reinhardt,0.9826305508613586,uncharged,dva,0.9999979734420776,charged,zarya,0.9835439324378967,charged,brig,0.999874472618103,uncharged,lucio,0.9999994039535522,charged,zenyatta,0.9954853653907776,charged,reinhardt,0.998683750629425,charged,dva,0.9998589754104614,uncharged,zarya,0.9975645542144775,charged,brig,0.9962134957313538,uncharged,lucio,0.9957658052444458,uncharged,zenyatta,0.9956310987472534,charged
103,vod_data/18.03.2019+SF+vs+NRG+BUSAN/26625.jpg,03/18/2019,BUSAN,NRG,322.0,ingame,live,reinhardt,0.9826305508613586,uncharged,dva,0.9999979734420776,charged,zarya,0.9835439324378967,charged,brig,0.999874472618103,uncharged,lucio,0.9999994039535522,charged,zenyatta,0.9954853653907776,charged,reinhardt,0.998683750629425,uncharged,dva,0.9998589754104614,uncharged,zarya,0.9975645542144775,charged,brig,0.9962134957313538,uncharged,lucio,0.9957658052444458,uncharged,zenyatta,0.9956310987472534,charged
104,vod_data/18.03.2019+SF+vs+NRG+BUSAN/26700.jpg,03/18/2019,BUSAN,NRG,323.25,ingame,live,reinhardt,0.9826305508613586,uncharged,dva,0.9999979734420776,charged,zarya,0.9835439324378967,charged,brig,0.999874472618103,uncharged,lucio,0.9999994039535522,charged,zenyatta,0.9954853653907776,charged,reinhardt,0.998683750629425,uncharged,dva,0.9998589754104614,uncharged,zarya,0.9975645542144775,charged,brig,0.9962134957313538,charged,lucio,0.9957658052444458,uncharged,zenyatta,0.9956310987472534,charged
105,vod_data/18.03.2019+SF+vs+NRG+BUSAN/26730.jpg,03/18/2019,BUSAN,NRG,323.75,ingame,live,reinhardt,0.9826305508613586,uncharged,dva,0.9999979734420776,charged,zarya,0.9835439324378967,charged,brig,0.999874472618103,uncharged,lucio,0.9999994039535522,charged,zenyatta,0.9954853653907776,charged,reinhardt,0.998683750629425,uncharged,dva,0.9998589754104614,uncharged,zarya,0.9975645542144775,charged,brig,0.9962134957313538,charged,lucio,0.9957658052444458,charged,zenyatta,0.9956310987472534,charged
106,vod_data/18.03.2019+SF+vs+NRG+BUSAN/27120.jpg,03/18/2019,BUSAN,NRG,330.25,ingame,live,reinhardt,0.9826305508613586,uncharged,dva,0.9999979734420776,charged,zarya,0.9835439324378967,charged,brig,0.999874472618103,uncharged,lucio,0.9999994039535522,charged,zenyatta,0.9954853653907776,charged,reinhardt,0.998683750629425,uncharged,dva,0.9998589754104614,charged,zarya,0.9975645542144775,charged,brig,0.9962134957313538,charged,lucio,0.9957658052444458,charged,zenyatta,0.9956310987472534,charged
107,vod_data/18.03.2019+SF+vs+NRG+BUSAN/27225.jpg,03/18/2019,BUSAN,NRG,332.0,ingame,live,reinhardt,0.9826305508613586,uncharged,dva,0.9999979734420776,charged,zarya,0.9835439324378967,uncharged,brig,0.999874472618103,uncharged,lucio,0.9999994039535522,charged,zenyatta,0.9954853653907776,charged,reinhardt,0.998683750629425,uncharged,dva,0.9998589754104614,charged,zarya,0.9975645542144775,charged,brig,0.9962134957313538,charged,lucio,0.9957658052444458,charged,winston,0.989528238773346,charged
108,vod_data/18.03.2019+SF+vs+NRG+BUSAN/27240.jpg,03/18/2019,BUSAN,NRG,332.25,ingame,live,reinhardt,0.9826305508613586,uncharged,dva,0.9999979734420776,charged,zarya,0.9835439324378967,uncharged,brig,0.999874472618103,uncharged,lucio,0.9999994039535522,charged,zenyatta,0.9954853653907776,charged,reinhardt,0.998683750629425,uncharged,dva,0.9998589754104614,charged,zarya,0.9975645542144775,charged,brig,0.9962134957313538,charged,lucio,0.9957658052444458,charged,zenyatta,0.9928888082504272,charged
109,vod_data/18.03.2019+SF+vs+NRG+BUSAN/27255.jpg,03/18/2019,BUSAN,NRG,332.5,ingame,live,reinhardt,0.9826305508613586,uncharged,dva,0.9999979734420776,charged,zarya,0.9835439324378967,uncharged,brig,0.999874472618103,uncharged,lucio,0.9999994039535522,charged,zenyatta,0.9954853653907776,charged,reinhardt,0.998683750629425,uncharged,dva,0.9998589754104614,charged,zarya,0.9975645542144775,charged,brig,0.9962134957313538,charged,lucio,0.9957658052444458,uncharged,zenyatta,0.9928888082504272,charged
110,vod_data/18.03.2019+SF+vs+NRG+BUSAN/27270.jpg,03/18/2019,BUSAN,NRG,332.75,ingame,live,reinhardt,0.9826305508613586,uncharged,dva,0.9999979734420776,uncharged,zarya,0.9835439324378967,uncharged,brig,0.999874472618103,uncharged,lucio,0.9999994039535522,charged,zenyatta,0.9954853653907776,charged,reinhardt,0.998683750629425,uncharged,dva,0.9998589754104614,charged,zarya,0.9975645542144775,charged,brig,0.9962134957313538,charged,lucio,0.9957658052444458,uncharged,zenyatta,0.9928888082504272,charged
111,vod_data/18.03.2019+SF+vs+NRG+BUSAN/27315.jpg,03/18/2019,BUSAN,NRG,333.5,ingame,live,reinhardt,0.9826305508613586,uncharged,dva,0.9999979734420776,uncharged,zarya,0.9835439324378967,uncharged,brig,0.999874472618103,uncharged,lucio,0.9999994039535522,charged,zenyatta,0.9954853653907776,charged,reinhardt,0.998683750629425,uncharged,dva,0.9998589754104614,charged,zarya,0.9975645542144775,charged,brig,0.9962134957313538,uncharged,lucio,0.9957658052444458,uncharged,zenyatta,0.9928888082504272,charged
112,vod_data/18.03.2019+SF+vs+NRG+BUSAN/27360.jpg,03/18/2019,BUSAN,NRG,334.25,ingame,live,reinhardt,0.9826305508613586,uncharged,dva,0.9999979734420776,uncharged,zarya,0.9835439324378967,uncharged,brig,0.999874472618103,uncharged,lucio,0.9999994039535522,charged,zenyatta,0.9954853653907776,uncharged,reinhardt,0.998683750629425,uncharged,dva,0.9998589754104614,charged,zarya,0.9975645542144775,uncharged,brig,0.9962134957313538,uncharged,lucio,0.9957658052444458,uncharged,zenyatta,0.9928888082504272,charged
113,vod_data/18.03.2019+SF+vs+NRG+BUSAN/27585.jpg,03/18/2019,BUSAN,NRG,338.0,ingame,live,reinhardt,0.9826305508613586,uncharged,dva,0.9999979734420776,uncharged,zarya,0.9835439324378967,uncharged,brig,0.999874472618103,uncharged,lucio,0.9999994039535522,charged,zenyatta,0.9954853653907776,uncharged,reinhardt,0.998683750629425,uncharged,dva,0.9998589754104614,charged,zarya,0.9975645542144775,uncharged,brig,0.9962134957313538,uncharged,lucio,0.9957658052444458,uncharged,zenyatta,0.9928888082504272,uncharged
114,vod_data/18.03.2019+SF+vs+NRG+BUSAN/27630.jpg,03/18/2019,BUSAN,NRG,338.75,ingame,live,reinhardt,0.9826305508613586,uncharged,dva,0.9999979734420776,uncharged,zarya,0.9835439324378967,uncharged,brig,0.999874472618103,charged,lucio,0.9999994039535522,charged,zenyatta,0.9954853653907776,uncharged,reinhardt,0.998683750629425,uncharged,dva,0.9998589754104614,charged,zarya,0.9975645542144775,uncharged,brig,0.9962134957313538,uncharged,lucio,0.9957658052444458,uncharged,zenyatta,0.9928888082504272,uncharged
115,vod_data/18.03.2019+SF+vs+NRG+BUSAN/27795.jpg,03/18/2019,BUSAN,NRG,341.5,ingame,live,reinhardt,0.9826305508613586,uncharged,dva,0.9999979734420776,uncharged,zarya,0.9835439324378967,uncharged,brig,0.999874472618103,charged,lucio,0.9999994039535522,uncharged,zenyatta,0.9954853653907776,uncharged,reinhardt,0.998683750629425,uncharged,dva,0.9998589754104614,charged,zarya,0.9975645542144775,uncharged,brig,0.9962134957313538,uncharged,lucio,0.9957658052444458,uncharged,zenyatta,0.9928888082504272,uncharged
116,vod_data/18.03.2019+SF+vs+NRG+BUSAN/27990.jpg,03/18/2019,BUSAN,NRG,344.75,ingame,live,reinhardt,0.9826305508613586,charged,dva,0.9999979734420776,uncharged,zarya,0.9835439324378967,uncharged,brig,0.999874472618103,charged,lucio,0.9999994039535522,uncharged,zenyatta,0.9954853653907776,uncharged,reinhardt,0.998683750629425,uncharged,dva,0.9998589754104614,charged,zarya,0.9975645542144775,uncharged,brig,0.9962134957313538,uncharged,lucio,0.9957658052444458,uncharged,zenyatta,0.9928888082504272,uncharged
117,vod_data/18.03.2019+SF+vs+NRG+BUSAN/28140.jpg,03/18/2019,BUSAN,NRG,347.25,ingame,live,reinhardt,0.9826305508613586,charged,dva,0.9999979734420776,uncharged,zarya,0.9835439324378967,uncharged,brig,0.999874472618103,charged,lucio,0.9999994039535522,uncharged,zenyatta,0.9954853653907776,uncharged,reinhardt,0.998683750629425,uncharged,dva,0.9998589754104614,uncharged,zarya,0.9975645542144775,uncharged,brig,0.9962134957313538,uncharged,lucio,0.9957658052444458,uncharged,zenyatta,0.9928888082504272,uncharged
118,vod_data/18.03.2019+SF+vs+NRG+BUSAN/28365.jpg,03/18/2019,BUSAN,NRG,351.0,ingame,live,reinhardt,0.9826305508613586,uncharged,dva,0.9999979734420776,uncharged,zarya,0.9835439324378967,uncharged,brig,0.999874472618103,charged,lucio,0.9999994039535522,uncharged,zenyatta,0.9954853653907776,uncharged,reinhardt,0.998683750629425,uncharged,dva,0.9998589754104614,uncharged,zarya,0.9975645542144775,uncharged,brig,0.9962134957313538,uncharged,lucio,0.9957658052444458,uncharged,zenyatta,0.9928888082504272,uncharged
119,vod_data/18.03.2019+SF+vs+NRG+BUSAN/28515.jpg,03/18/2019,BUSAN,NRG,353.5,ingame,live,reinhardt,0.9826305508613586,uncharged,dva,0.9999979734420776,uncharged,zarya,0.9835439324378967,uncharged,brig,0.999874472618103,uncharged,lucio,0.9999994039535522,uncharged,zenyatta,0.9954853653907776,uncharged,reinhardt,0.998683750629425,uncharged,dva,0.9998589754104614,uncharged,zarya,0.9975645542144775,uncharged,brig,0.9962134957313538,uncharged,lucio,0.9957658052444458,uncharged,zenyatta,0.9928888082504272,uncharged
120,vod_data/18.03.2019+SF+vs+NRG+BUSAN/29805.jpg,03/18/2019,BUSAN,NRG,353.5,ingame,live,unknownhero,0.9700166583061218,uncharged,unknownhero,0.9751617908477783,uncharged,zarya,0.9835439324378967,uncharged,unknownhero,0.9451033473014832,uncharged,lucio,0.9999994039535522,uncharged,zenyatta,0.9954853653907776,uncharged,unknownhero,0.9993301630020142,uncharged,unknownhero,0.9990124702453613,uncharged,unknownhero,0.9992395639419556,uncharged,unknownhero,0.9993700385093689,uncharged,unknownhero,0.9995997548103333,uncharged,unknownhero,0.9995951056480408,uncharged
121,vod_data/18.03.2019+SF+vs+NRG+BUSAN/29820.jpg,03/18/2019,BUSAN,NRG,353.5,ingame,live,reinhardt,0.9999667406082153,uncharged,dva,0.9999980926513672,uncharged,zarya,0.9835439324378967,uncharged,brig,0.9998495578765869,uncharged,lucio,0.9999994039535522,uncharged,zenyatta,0.9954853653907776,uncharged,reinhardt,0.9986512064933777,uncharged,dva,0.9998490810394287,uncharged,zarya,0.9971874356269836,uncharged,brig,0.9962309002876282,uncharged,lucio,0.9958503246307373,uncharged,zenyatta,0.9937649965286255,uncharged
122,vod_data/18.03.2019+SF+vs+NRG+BUSAN/30060.jpg,03/18/2019,BUSAN,NRG,353.5,ingame,live,reinhardt,0.9999667406082153,uncharged,dva,0.9999980926513672,uncharged,zarya,0.9835439324378967,uncharged,brig,0.9998495578765869,uncharged,lucio,0.9999994039535522,uncharged,zenyatta,0.9954853653907776,uncharged,reinhardt,0.9986512064933777,uncharged,dva,0.9998490810394287,uncharged,zarya,0.9971874356269836,uncharged,brig,0.9962309002876282,uncharged,lucio,0.9958503246307373,uncharged,torbjorn,0.998832643032074,uncharged
123,vod_data/18.03.2019+SF+vs+NRG+BUSAN/30195.jpg,03/18/2019,BUSAN,NRG,353.5,ingame,live,reinhardt,0.9999667406082153,uncharged,dva,0.9999980926513672,uncharged,zarya,0.9835439324378967,uncharged,brig,0.9998495578765869,uncharged,lucio,0.9999994039535522,uncharged,zenyatta,0.9954853653907776,uncharged,reinhardt,0.9986512064933777,uncharged,dva,0.9998490810394287,uncharged,zarya,0.9971874356269836,uncharged,brig,0.9962309002876282,uncharged,lucio,0.9958503246307373,uncharged,tracer,0.9997560381889343,uncharged
124,vod_data/18.03.2019+SF+vs+NRG+BUSAN/31455.jpg,03/18/2019,BUSAN,NRG,353.5,ingame,live,reinhardt,0.9999667406082153,uncharged,dva,0.9999980926513672,uncharged,zarya,0.9835439324378967,uncharged,brig,0.9998495578765869,uncharged,lucio,0.9999994039535522,uncharged,zenyatta,0.9954853653907776,uncharged,reinhardt,0.9986512064933777,uncharged,dva,0.9998490810394287,uncharged,zarya,0.9971874356269836,uncharged,brig,0.9962309002876282,uncharged,lucio,0.9958503246307373,uncharged,zenyatta,0.9651983976364136,uncharged
125,vod_data/18.03.2019+SF+vs+NRG+BUSAN/31620.jpg,03/18/2019,BUSAN,NRG,353.5,ingame,live,reinhardt,0.9999667406082153,uncharged,dva,0.9999980926513672,uncharged,zarya,0.9835439324378967,uncharged,brig,0.9998495578765869,uncharged,lucio,0.9999994039535522,uncharged,zenyatta,0.9954853653907776,uncharged,reinhardt,0.9986512064933777,uncharged,dva,0.9998490810394287,uncharged,zarya,0.9971874356269836,uncharged,brig,0.9962309002876282,uncharged,lucio,0.9958503246307373,uncharged,zenyatta,0.9651983976364136,uncharged
126,vod_data/18.03.2019+SF+vs+NRG+BUSAN/33915.jpg,03/18/2019,BUSAN,NRG,391.75,ingame,live,reinhardt,0.9999667406082153,charged,dva,0.9999980926513672,uncharged,zarya,0.9835439324378967,uncharged,brig,0.9998495578765869,uncharged,lucio,0.9999994039535522,uncharged,zenyatta,0.9954853653907776,uncharged,reinhardt,0.9986512064933777,uncharged,dva,0.9998490810394287,uncharged,zarya,0.9971874356269836,uncharged,brig,0.9962309002876282,uncharged,lucio,0.9958503246307373,uncharged,zenyatta,0.9651983976364136,uncharged
127,vod_data/18.03.2019+SF+vs+NRG+BUSAN/34080.jpg,03/18/2019,BUSAN,NRG,394.5,ingame,live,reinhardt,0.9999667406082153,charged,dva,0.9999980926513672,uncharged,zarya,0.9835439324378967,uncharged,brig,0.9998495578765869,uncharged,lucio,0.9999994039535522,uncharged,zenyatta,0.9954853653907776,charged,reinhardt,0.9986512064933777,uncharged,dva,0.9998490810394287,uncharged,zarya,0.9971874356269836,uncharged,brig,0.9962309002876282,uncharged,lucio,0.9958503246307373,uncharged,zenyatta,0.9651983976364136,uncharged
128,vod_data/18.03.2019+SF+vs+NRG+BUSAN/34320.jpg,03/18/2019,BUSAN,NRG,398.5,ingame,live,reinhardt,0.9999667406082153,uncharged,dva,0.9999980926513672,uncharged,zarya,0.9835439324378967,uncharged,brig,0.9998495578765869,uncharged,lucio,0.9999994039535522,uncharged,zenyatta,0.9954853653907776,charged,reinhardt,0.9986512064933777,uncharged,dva,0.9998490810394287,uncharged,zarya,0.9971874356269836,uncharged,brig,0.9962309002876282,uncharged,lucio,0.9958503246307373,uncharged,zenyatta,0.9651983976364136,uncharged
129,vod_data/18.03.2019+SF+vs+NRG+BUSAN/34560.jpg,03/18/2019,BUSAN,NRG,402.5,ingame,live,reinhardt,0.9999667406082153,uncharged,dva,0.9999980926513672,uncharged,zarya,0.9835439324378967,uncharged,brig,0.9998495578765869,charged,lucio,0.9999994039535522,uncharged,zenyatta,0.9954853653907776,charged,reinhardt,0.9986512064933777,uncharged,dva,0.9998490810394287,uncharged,zarya,0.9971874356269836,uncharged,brig,0.9962309002876282,uncharged,lucio,0.9958503246307373,uncharged,zenyatta,0.9651983976364136,uncharged
130,vod_data/18.03.2019+SF+vs+NRG+BUSAN/35595.jpg,03/18/2019,BUSAN,NRG,419.75,ingame,live,reinhardt,0.9999667406082153,uncharged,dva,0.9999980926513672,uncharged,zarya,0.9835439324378967,uncharged,brig,0.9998495578765869,charged,lucio,0.9999994039535522,uncharged,zenyatta,0.9954853653907776,charged,reinhardt,0.9986512064933777,charged,dva,0.9998490810394287,uncharged,zarya,0.9971874356269836,uncharged,brig,0.9962309002876282,uncharged,lucio,0.9958503246307373,uncharged,zenyatta,0.9651983976364136,uncharged
131,vod_data/18.03.2019+SF+vs+NRG+BUSAN/35610.jpg,03/18/2019,BUSAN,NRG,420.0,ingame,live,reinhardt,0.9999667406082153,uncharged,dva,0.9999980926513672,uncharged,zarya,0.9835439324378967,uncharged,brig,0.9998495578765869,charged,lucio,0.9999994039535522,uncharged,zenyatta,0.9954853653907776,charged,winston,0.966513991355896,charged,dva,0.9998490810394287,uncharged,zarya,0.9971874356269836,uncharged,brig,0.9962309002876282,uncharged,lucio,0.9958503246307373,uncharged,zenyatta,0.9651983976364136,uncharged
132,vod_data/18.03.2019+SF+vs+NRG+BUSAN/35640.jpg,03/18/2019,BUSAN,NRG,420.5,ingame,live,reinhardt,0.9999667406082153,uncharged,dva,0.9999980926513672,uncharged,zarya,0.9835439324378967,charged,brig,0.9998495578765869,charged,lucio,0.9999994039535522,uncharged,zenyatta,0.9954853653907776,charged,reinhardt,0.9984925985336304,charged,dva,0.9998490810394287,uncharged,zarya,0.9971874356269836,uncharged,brig,0.9962309002876282,uncharged,lucio,0.9958503246307373,uncharged,zenyatta,0.9651983976364136,uncharged
133,vod_data/18.03.2019+SF+vs+NRG+BUSAN/35670.jpg,03/18/2019,BUSAN,NRG,421.0,ingame,live,reinhardt,0.9999667406082153,uncharged,dva,0.9999980926513672,uncharged,zarya,0.9835439324378967,charged,brig,0.9998495578765869,charged,lucio,0.9999994039535522,uncharged,zenyatta,0.9954853653907776,charged,reinhardt,0.9984925985336304,uncharged,dva,0.9998490810394287,uncharged,zarya,0.9971874356269836,uncharged,brig,0.9962309002876282,uncharged,lucio,0.9958503246307373,uncharged,zenyatta,0.9651983976364136,uncharged
134,vod_data/18.03.2019+SF+vs+NRG+BUSAN/35685.jpg,03/18/2019,BUSAN,NRG,421.25,ingame,live,reinhardt,0.9999667406082153,uncharged,dva,0.9999980926513672,uncharged,zarya,0.9835439324378967,charged,brig,0.9998495578765869,charged,lucio,0.9999994039535522,uncharged,zenyatta,0.9954853653907776,charged,reinhardt,0.9984925985336304,uncharged,dva,0.9998490810394287,uncharged,zarya,0.9971874356269836,uncharged,brig,0.9962309002876282,charged,lucio,0.9958503246307373,uncharged,zenyatta,0.9651983976364136,uncharged
135,vod_data/18.03.2019+SF+vs+NRG+BUSAN/35835.jpg,03/18/2019,BUSAN,NRG,423.75,ingame,live,reinhardt,0.9999667406082153,uncharged,dva,0.9999980926513672,uncharged,zarya,0.9835439324378967,charged,brig,0.9998495578765869,charged,lucio,0.9999994039535522,uncharged,zenyatta,0.9954853653907776,charged,reinhardt,0.9984925985336304,uncharged,dva,0.9998490810394287,uncharged,zarya,0.9971874356269836,charged,brig,0.9962309002876282,charged,lucio,0.9958503246307373,uncharged,zenyatta,0.9651983976364136,uncharged
136,vod_data/18.03.2019+SF+vs+NRG+BUSAN/35940.jpg,03/18/2019,BUSAN,NRG,425.5,ingame,live,reinhardt,0.9999667406082153,uncharged,dva,0.9999980926513672,uncharged,zarya,0.9835439324378967,charged,brig,0.9998495578765869,charged,lucio,0.9999994039535522,uncharged,zenyatta,0.9954853653907776,charged,reinhardt,0.9984925985336304,uncharged,dva,0.9998490810394287,uncharged,zarya,0.9971874356269836,charged,brig,0.9962309002876282,charged,lucio,0.9958503246307373,uncharged,zenyatta,0.9651983976364136,charged
137,vod_data/18.03.2019+SF+vs+NRG+BUSAN/36075.jpg,03/18/2019,BUSAN,NRG,427.75,ingame,live,reinhardt,0.9999667406082153,uncharged,dva,0.9999980926513672,uncharged,zarya,0.9835439324378967,charged,brig,0.9998495578765869,uncharged,lucio,0.9999994039535522,uncharged,zenyatta,0.9954853653907776,charged,reinhardt,0.9984925985336304,uncharged,dva,0.9998490810394287,uncharged,zarya,0.9971874356269836,charged,brig,0.9962309002876282,charged,lucio,0.9958503246307373,uncharged,zenyatta,0.9651983976364136,charged
138,vod_data/18.03.2019+SF+vs+NRG+BUSAN/36525.jpg,03/18/2019,BUSAN,NRG,435.25,ingame,live,reinhardt,0.9999667406082153,uncharged,dva,0.9999980926513672,uncharged,zarya,0.9835439324378967,charged,brig,0.9998495578765869,uncharged,lucio,0.9999994039535522,uncharged,zenyatta,0.9954853653907776,charged,reinhardt,0.9984925985336304,uncharged,dva,0.9998490810394287,uncharged,zarya,0.9971874356269836,charged,brig,0.9962309002876282,charged,lucio,0.9958503246307373,uncharged,zenyatta,0.9651983976364136,uncharged
139,vod_data/18.03.2019+SF+vs+NRG+BUSAN/36555.jpg,03/18/2019,BUSAN,NRG,435.75,ingame,live,reinhardt,0.9999667406082153,uncharged,dva,0.9999980926513672,uncharged,zarya,0.9835439324378967,charged,brig,0.9998495578765869,uncharged,lucio,0.9999994039535522,uncharged,zenyatta,0.9954853653907776,charged,reinhardt,0.9984925985336304,uncharged,dva,0.9998490810394287,uncharged,zarya,0.9971874356269836,charged,brig,0.9962309002876282,charged,lucio,0.9958503246307373,uncharged,zenyatta,0.9651983976364136,charged
140,vod_data/18.03.2019+SF+vs+NRG+BUSAN/37380.jpg,03/18/2019,BUSAN,NRG,449.5,ingame,live,reinhardt,0.9999667406082153,uncharged,dva,0.9999980926513672,charged,zarya,0.9835439324378967,charged,brig,0.9998495578765869,uncharged,lucio,0.9999994039535522,uncharged,zenyatta,0.9954853653907776,charged,reinhardt,0.9984925985336304,uncharged,dva,0.9998490810394287,uncharged,zarya,0.9971874356269836,charged,brig,0.9962309002876282,charged,lucio,0.9958503246307373,uncharged,zenyatta,0.9651983976364136,charged
141,vod_data/18.03.2019+SF+vs+NRG+BUSAN/37800.jpg,03/18/2019,BUSAN,NRG,456.5,ingame,live,reinhardt,0.9999667406082153,charged,dva,0.9999980926513672,charged,zarya,0.9835439324378967,charged,brig,0.9998495578765869,uncharged,lucio,0.9999994039535522,uncharged,zenyatta,0.9954853653907776,charged,reinhardt,0.9984925985336304,uncharged,dva,0.9998490810394287,uncharged,zarya,0.9971874356269836,charged,brig,0.9962309002876282,charged,lucio,0.9958503246307373,uncharged,zenyatta,0.9651983976364136,charged
142,vod_data/18.03.2019+SF+vs+NRG+BUSAN/37965.jpg,03/18/2019,BUSAN,NRG,459.25,ingame,live,reinhardt,0.9999667406082153,charged,dva,0.9999980926513672,charged,zarya,0.9835439324378967,charged,brig,0.9998495578765869,uncharged,lucio,0.9999994039535522,uncharged,zenyatta,0.9954853653907776,charged,reinhardt,0.9984925985336304,uncharged,dva,0.9998490810394287,uncharged,zarya,0.9971874356269836,charged,brig,0.9962309002876282,charged,lucio,0.9958503246307373,charged,zenyatta,0.9651983976364136,charged
143,vod_data/18.03.2019+SF+vs+NRG+BUSAN/38670.jpg,03/18/2019,BUSAN,NRG,471.0,ingame,live,reinhardt,0.9999667406082153,charged,dva,0.9999980926513672,charged,zarya,0.9835439324378967,charged,brig,0.9998495578765869,uncharged,lucio,0.9999994039535522,uncharged,zenyatta,0.9954853653907776,charged,reinhardt,0.9984925985336304,uncharged,dva,0.9998490810394287,uncharged,zarya,0.9971874356269836,charged,brig,0.9962309002876282,charged,lucio,0.9958503246307373,charged,zenyatta,0.9651983976364136,uncharged
144,vod_data/18.03.2019+SF+vs+NRG+BUSAN/38700.jpg,03/18/2019,BUSAN,NRG,471.5,ingame,live,reinhardt,0.9999667406082153,charged,dva,0.9999980926513672,charged,zarya,0.9835439324378967,charged,brig,0.9998495578765869,uncharged,lucio,0.9999994039535522,uncharged,zenyatta,0.9954853653907776,charged,reinhardt,0.9984925985336304,uncharged,dva,0.9998490810394287,uncharged,zarya,0.9971874356269836,charged,brig,0.9962309002876282,charged,lucio,0.9958503246307373,charged,zenyatta,0.9651983976364136,charged
145,vod_data/18.03.2019+SF+vs+NRG+BUSAN/38850.jpg,03/18/2019,BUSAN,NRG,474.0,ingame,live,reinhardt,0.9999667406082153,charged,dva,0.9999980926513672,charged,zarya,0.9835439324378967,charged,brig,0.9998495578765869,uncharged,lucio,0.9999994039535522,charged,zenyatta,0.9954853653907776,charged,reinhardt,0.9984925985336304,uncharged,dva,0.9998490810394287,uncharged,zarya,0.9971874356269836,charged,brig,0.9962309002876282,charged,lucio,0.9958503246307373,charged,zenyatta,0.9651983976364136,charged
146,vod_data/18.03.2019+SF+vs+NRG+BUSAN/39300.jpg,03/18/2019,BUSAN,NRG,481.5,ingame,live,reinhardt,0.9999667406082153,charged,dva,0.9999980926513672,charged,zarya,0.9835439324378967,charged,brig,0.9998495578765869,uncharged,lucio,0.9999994039535522,charged,zenyatta,0.9954853653907776,charged,reinhardt,0.9984925985336304,uncharged,dva,0.9998490810394287,charged,zarya,0.9971874356269836,charged,brig,0.9962309002876282,charged,lucio,0.9958503246307373,charged,zenyatta,0.9651983976364136,charged
147,vod_data/18.03.2019+SF+vs+NRG+BUSAN/39360.jpg,03/18/2019,BUSAN,NRG,482.5,ingame,live,reinhardt,0.9999667406082153,charged,dva,0.9999980926513672,charged,zarya,0.9835439324378967,charged,brig,0.9998495578765869,uncharged,lucio,0.9999994039535522,charged,zenyatta,0.9954853653907776,charged,reinhardt,0.9984925985336304,uncharged,dva,0.9998490810394287,charged,zarya,0.9971874356269836,charged,brig,0.9962309002876282,uncharged,lucio,0.9958503246307373,charged,zenyatta,0.9651983976364136,charged
148,vod_data/18.03.2019+SF+vs+NRG+BUSAN/39405.jpg,03/18/2019,BUSAN,NRG,483.25,ingame,live,reinhardt,0.9999667406082153,charged,dva,0.9999980926513672,charged,zarya,0.9835439324378967,charged,brig,0.9998495578765869,uncharged,lucio,0.9999994039535522,charged,zenyatta,0.9954853653907776,charged,reinhardt,0.9984925985336304,uncharged,dva,0.9998490810394287,uncharged,zarya,0.9971874356269836,charged,brig,0.9962309002876282,uncharged,lucio,0.9958503246307373,charged,zenyatta,0.9651983976364136,charged
149,vod_data/18.03.2019+SF+vs+NRG+BUSAN/39930.jpg,03/18/2019,BUSAN,NRG,492.0,ingame,live,reinhardt,0.9999667406082153,charged,dva,0.9999980926513672,charged,zarya,0.9835439324378967,charged,brig,0.9998495578765869,uncharged,lucio,0.9999994039535522,charged,zenyatta,0.9954853653907776,charged,reinhardt,0.9984925985336304,uncharged,dva,0.9998490810394287,charged,zarya,0.9971874356269836,charged,brig,0.9962309002876282,uncharged,lucio,0.9958503246307373,charged,zenyatta,0.9651983976364136,charged
150,vod_data/18.03.2019+SF+vs+NRG+BUSAN/40485.jpg,03/18/2019,BUSAN,NRG,501.25,ingame,live,reinhardt,0.9999667406082153,charged,dva,0.9999980926513672,charged,zarya,0.9835439324378967,charged,brig,0.9998495578765869,uncharged,lucio,0.9999994039535522,charged,zenyatta,0.9954853653907776,charged,reinhardt,0.9984925985336304,uncharged,dva,0.9998490810394287,charged,zarya,0.9971874356269836,charged,brig,0.9962309002876282,uncharged,lucio,0.9958503246307373,charged,zenyatta,0.9651983976364136,uncharged
151,vod_data/18.03.2019+SF+vs+NRG+BUSAN/40500.jpg,03/18/2019,BUSAN,NRG,501.5,ingame,live,reinhardt,0.9999667406082153,charged,dva,0.9999980926513672,charged,zarya,0.9835439324378967,charged,brig,0.9998495578765869,uncharged,lucio,0.9999994039535522,charged,zenyatta,0.9954853653907776,charged,reinhardt,0.9984925985336304,uncharged,dva,0.9998490810394287,uncharged,zarya,0.9971874356269836,charged,brig,0.9962309002876282,uncharged,lucio,0.9958503246307373,charged,zenyatta,0.9651983976364136,uncharged
152,vod_data/18.03.2019+SF+vs+NRG+BUSAN/40515.jpg,03/18/2019,BUSAN,NRG,501.75,ingame,live,reinhardt,0.9999667406082153,charged,dva,0.9999980926513672,charged,zarya,0.9835439324378967,charged,brig,0.9998495578765869,uncharged,lucio,0.9999994039535522,charged,zenyatta,0.9954853653907776,charged,reinhardt,0.9984925985336304,uncharged,dva,0.9998490810394287,charged,zarya,0.9971874356269836,charged,brig,0.9962309002876282,uncharged,lucio,0.9958503246307373,charged,zenyatta,0.9651983976364136,uncharged
153,vod_data/18.03.2019+SF+vs+NRG+BUSAN/40590.jpg,03/18/2019,BUSAN,NRG,503.0,ingame,live,reinhardt,0.9999667406082153,charged,dva,0.9999980926513672,charged,zarya,0.9835439324378967,charged,brig,0.9998495578765869,uncharged,lucio,0.9999994039535522,charged,zenyatta,0.9954853653907776,charged,reinhardt,0.9984925985336304,uncharged,dva,0.9998490810394287,charged,zarya,0.9971874356269836,charged,brig,0.9962309002876282,uncharged,lucio,0.9958503246307373,charged,zenyatta,0.9651983976364136,charged
154,vod_data/18.03.2019+SF+vs+NRG+BUSAN/41175.jpg,03/18/2019,BUSAN,NRG,512.75,ingame,live,reinhardt,0.9999667406082153,charged,dva,0.9999980926513672,charged,zarya,0.9835439324378967,charged,brig,0.9998495578765869,uncharged,lucio,0.9999994039535522,charged,zenyatta,0.9954853653907776,charged,reinhardt,0.9984925985336304,uncharged,dva,0.9998490810394287,charged,zarya,0.9971874356269836,charged,brig,0.9962309002876282,uncharged,lucio,0.9958503246307373,charged,winston,0.9908492565155029,charged
155,vod_data/18.03.2019+SF+vs+NRG+BUSAN/41190.jpg,03/18/2019,BUSAN,NRG,513.0,ingame,live,reinhardt,0.9999667406082153,charged,dva,0.9999980926513672,charged,zarya,0.9835439324378967,charged,brig,0.9998495578765869,uncharged,lucio,0.9999994039535522,charged,zenyatta,0.9954853653907776,charged,reinhardt,0.9984925985336304,uncharged,dva,0.9998490810394287,charged,zarya,0.9971874356269836,charged,brig,0.9962309002876282,uncharged,lucio,0.9958503246307373,charged,zenyatta,0.9915444850921631,charged
156,vod_data/18.03.2019+SF+vs+NRG+BUSAN/41310.jpg,03/18/2019,BUSAN,NRG,515.0,ingame,live,reinhardt,0.9999667406082153,charged,dva,0.9999980926513672,charged,zarya,0.9835439324378967,uncharged,brig,0.9998495578765869,charged,lucio,0.9999994039535522,charged,zenyatta,0.9954853653907776,charged,reinhardt,0.9984925985336304,uncharged,dva,0.9998490810394287,charged,zarya,0.9971874356269836,charged,brig,0.9962309002876282,uncharged,lucio,0.9958503246307373,charged,zenyatta,0.9915444850921631,charged
157,vod_data/18.03.2019+SF+vs+NRG+BUSAN/41505.jpg,03/18/2019,BUSAN,NRG,518.25,ingame,live,reinhardt,0.9999667406082153,charged,dva,0.9999980926513672,charged,zarya,0.9835439324378967,uncharged,brig,0.9998495578765869,uncharged,lucio,0.9999994039535522,charged,zenyatta,0.9954853653907776,charged,reinhardt,0.9984925985336304,uncharged,dva,0.9998490810394287,charged,zarya,0.9971874356269836,uncharged,brig,0.9962309002876282,uncharged,lucio,0.9958503246307373,charged,zenyatta,0.9915444850921631,charged
158,vod_data/18.03.2019+SF+vs+NRG+BUSAN/41535.jpg,03/18/2019,BUSAN,NRG,518.75,ingame,live,reinhardt,0.9999667406082153,charged,dva,0.9999980926513672,charged,zarya,0.9835439324378967,uncharged,brig,0.9998495578765869,uncharged,lucio,0.9999994039535522,charged,zenyatta,0.9954853653907776,charged,reinhardt,0.9984925985336304,uncharged,dva,0.9998490810394287,charged,zarya,0.9971874356269836,uncharged,brig,0.9962309002876282,uncharged,lucio,0.9958503246307373,charged,zenyatta,0.9915444850921631,uncharged
159,vod_data/18.03.2019+SF+vs+NRG+BUSAN/41790.jpg,03/18/2019,BUSAN,NRG,523.0,ingame,live,reinhardt,0.9999667406082153,charged,dva,0.9999980926513672,charged,zarya,0.9835439324378967,uncharged,brig,0.9998495578765869,uncharged,lucio,0.9999994039535522,charged,zenyatta,0.9954853653907776,charged,reinhardt,0.9984925985336304,uncharged,dva,0.9998490810394287,charged,zarya,0.9971874356269836,uncharged,brig,0.9962309002876282,uncharged,lucio,0.9958503246307373,uncharged,zenyatta,0.9915444850921631,uncharged
160,vod_data/18.03.2019+SF+vs+NRG+BUSAN/41895.jpg,03/18/2019,BUSAN,NRG,524.75,ingame,live,reinhardt,0.9999667406082153,charged,dva,0.9999980926513672,charged,zarya,0.9835439324378967,uncharged,brig,0.9998495578765869,uncharged,lucio,0.9999994039535522,charged,zenyatta,0.9954853653907776,charged,reinhardt,0.9984925985336304,uncharged,dva,0.9998490810394287,uncharged,zarya,0.9971874356269836,uncharged,brig,0.9962309002876282,uncharged,lucio,0.9958503246307373,uncharged,zenyatta,0.9915444850921631,uncharged
161,vod_data/18.03.2019+SF+vs+NRG+BUSAN/42180.jpg,03/18/2019,BUSAN,NRG,529.5,ingame,live,reinhardt,0.9999667406082153,charged,dva,0.9999980926513672,charged,zarya,0.9835439324378967,uncharged,brig,0.9998495578765869,uncharged,lucio,0.9999994039535522,charged,zenyatta,0.9954853653907776,charged,reinhardt,0.9984925985336304,uncharged,dva,0.9998490810394287,charged,zarya,0.9971874356269836,uncharged,brig,0.9962309002876282,uncharged,lucio,0.9958503246307373,uncharged,zenyatta,0.9915444850921631,uncharged
162,vod_data/18.03.2019+SF+vs+NRG+BUSAN/42315.jpg,03/18/2019,BUSAN,NRG,531.75,ingame,live,reinhardt,0.9999667406082153,charged,dva,0.9999980926513672,uncharged,zarya,0.9835439324378967,uncharged,brig,0.9998495578765869,uncharged,lucio,0.9999994039535522,charged,zenyatta,0.9954853653907776,charged,reinhardt,0.9984925985336304,uncharged,dva,0.9998490810394287,charged,zarya,0.9971874356269836,uncharged,brig,0.9962309002876282,uncharged,lucio,0.9958503246307373,uncharged,zenyatta,0.9915444850921631,uncharged
163,vod_data/18.03.2019+SF+vs+NRG+BUSAN/42765.jpg,03/18/2019,BUSAN,NRG,539.25,ingame,live,reinhardt,0.9999667406082153,charged,dva,0.9999980926513672,uncharged,zarya,0.9835439324378967,uncharged,brig,0.9998495578765869,uncharged,lucio,0.9999994039535522,charged,zenyatta,0.9954853653907776,charged,reinhardt,0.9984925985336304,uncharged,dva,0.9998490810394287,uncharged,zarya,0.9971874356269836,uncharged,brig,0.9962309002876282,uncharged,lucio,0.9958503246307373,uncharged,zenyatta,0.9915444850921631,uncharged
164,vod_data/18.03.2019+SF+vs+NRG+BUSAN/42780.jpg,03/18/2019,BUSAN,NRG,539.5,ingame,live,reinhardt,0.9999667406082153,charged,dva,0.9999980926513672,uncharged,zarya,0.9835439324378967,uncharged,brig,0.9998495578765869,uncharged,lucio,0.9999994039535522,charged,zenyatta,0.9954853653907776,charged,reinhardt,0.9984925985336304,uncharged,dva,0.9998490810394287,charged,zarya,0.9971874356269836,uncharged,brig,0.9962309002876282,uncharged,lucio,0.9958503246307373,uncharged,zenyatta,0.9915444850921631,uncharged
165,vod_data/18.03.2019+SF+vs+NRG+BUSAN/42795.jpg,03/18/2019,BUSAN,NRG,539.75,ingame,live,reinhardt,0.9999667406082153,charged,dva,0.9999980926513672,charged,zarya,0.9835439324378967,uncharged,brig,0.9998495578765869,uncharged,lucio,0.9999994039535522,charged,zenyatta,0.9954853653907776,charged,reinhardt,0.9984925985336304,uncharged,dva,0.9998490810394287,charged,zarya,0.9971874356269836,uncharged,brig,0.9962309002876282,uncharged,lucio,0.9958503246307373,uncharged,zenyatta,0.9915444850921631,uncharged
166,vod_data/18.03.2019+SF+vs+NRG+BUSAN/43395.jpg,03/18/2019,BUSAN,NRG,549.75,ingame,live,reinhardt,0.9999667406082153,charged,dva,0.9999980926513672,uncharged,zarya,0.9835439324378967,uncharged,brig,0.9998495578765869,uncharged,lucio,0.9999994039535522,charged,zenyatta,0.9954853653907776,charged,reinhardt,0.9984925985336304,uncharged,dva,0.9998490810394287,charged,zarya,0.9971874356269836,uncharged,brig,0.9962309002876282,uncharged,lucio,0.9958503246307373,uncharged,zenyatta,0.9915444850921631,uncharged
167,vod_data/18.03.2019+SF+vs+NRG+BUSAN/43410.jpg,03/18/2019,BUSAN,NRG,550.0,ingame,live,reinhardt,0.9999667406082153,charged,dva,0.9999980926513672,charged,zarya,0.9835439324378967,uncharged,brig,0.9998495578765869,uncharged,lucio,0.9999994039535522,charged,zenyatta,0.9954853653907776,charged,reinhardt,0.9984925985336304,uncharged,dva,0.9998490810394287,charged,zarya,0.9971874356269836,uncharged,brig,0.9962309002876282,uncharged,lucio,0.9958503246307373,uncharged,zenyatta,0.9915444850921631,uncharged
168,vod_data/18.03.2019+SF+vs+NRG+BUSAN/44490.jpg,03/18/2019,BUSAN,NRG,568.0,ingame,live,reinhardt,0.9999667406082153,uncharged,dva,0.9999980926513672,charged,zarya,0.9835439324378967,uncharged,brig,0.9998495578765869,uncharged,lucio,0.9999994039535522,charged,zenyatta,0.9954853653907776,charged,reinhardt,0.9984925985336304,uncharged,dva,0.9998490810394287,charged,zarya,0.9971874356269836,uncharged,brig,0.9962309002876282,uncharged,lucio,0.9958503246307373,uncharged,zenyatta,0.9915444850921631,uncharged
169,vod_data/18.03.2019+SF+vs+NRG+BUSAN/44580.jpg,03/18/2019,BUSAN,NRG,569.5,ingame,live,reinhardt,0.9999667406082153,uncharged,dva,0.9999980926513672,charged,zarya,0.9835439324378967,uncharged,brig,0.9998495578765869,uncharged,lucio,0.9999994039535522,charged,zenyatta,0.9954853653907776,charged,reinhardt,0.9984925985336304,charged,dva,0.9998490810394287,charged,zarya,0.9971874356269836,uncharged,brig,0.9962309002876282,uncharged,lucio,0.9958503246307373,uncharged,zenyatta,0.9915444850921631,uncharged
170,vod_data/18.03.2019+SF+vs+NRG+BUSAN/44745.jpg,03/18/2019,BUSAN,NRG,572.25,ingame,live,reinhardt,0.9999667406082153,uncharged,dva,0.9999980926513672,charged,zarya,0.9835439324378967,uncharged,brig,0.9998495578765869,uncharged,lucio,0.9999994039535522,charged,zenyatta,0.9954853653907776,charged,reinhardt,0.9984925985336304,charged,dva,0.9998490810394287,uncharged,zarya,0.9971874356269836,uncharged,brig,0.9962309002876282,uncharged,lucio,0.9958503246307373,uncharged,zenyatta,0.9915444850921631,uncharged
171,vod_data/18.03.2019+SF+vs+NRG+BUSAN/44760.jpg,03/18/2019,BUSAN,NRG,572.5,ingame,live,reinhardt,0.9999667406082153,uncharged,dva,0.9999980926513672,uncharged,zarya,0.9835439324378967,uncharged,brig,0.9998495578765869,uncharged,lucio,0.9999994039535522,charged,zenyatta,0.9954853653907776,charged,reinhardt,0.9984925985336304,charged,dva,0.9998490810394287,uncharged,zarya,0.9971874356269836,uncharged,brig,0.9962309002876282,uncharged,lucio,0.9958503246307373,uncharged,zenyatta,0.9915444850921631,uncharged
172,vod_data/18.03.2019+SF+vs+NRG+BUSAN/44835.jpg,03/18/2019,BUSAN,NRG,573.75,ingame,live,reinhardt,0.9999667406082153,uncharged,dva,0.9999980926513672,uncharged,zarya,0.9835439324378967,uncharged,brig,0.9998495578765869,uncharged,lucio,0.9999994039535522,charged,zenyatta,0.9954853653907776,charged,winston,0.9851171970367432,charged,dva,0.9998490810394287,uncharged,zarya,0.9971874356269836,uncharged,brig,0.9962309002876282,uncharged,lucio,0.9958503246307373,uncharged,zenyatta,0.9915444850921631,uncharged
173,vod_data/18.03.2019+SF+vs+NRG+BUSAN/44865.jpg,03/18/2019,BUSAN,NRG,574.25,ingame,live,reinhardt,0.9999667406082153,uncharged,dva,0.9999980926513672,uncharged,zarya,0.9835439324378967,uncharged,brig,0.9998495578765869,uncharged,lucio,0.9999994039535522,charged,zenyatta,0.9954853653907776,charged,reinhardt,0.9985376596450806,charged,dva,0.9998490810394287,uncharged,zarya,0.9971874356269836,uncharged,brig,0.9962309002876282,uncharged,lucio,0.9958503246307373,uncharged,zenyatta,0.9915444850921631,uncharged
174,vod_data/18.03.2019+SF+vs+NRG+BUSAN/44985.jpg,03/18/2019,BUSAN,NRG,576.25,ingame,live,reinhardt,0.9999667406082153,uncharged,dva,0.9999980926513672,uncharged,zarya,0.9835439324378967,uncharged,brig,0.9998495578765869,uncharged,mccree,0.9832965135574341,charged,zenyatta,0.9954853653907776,charged,reinhardt,0.9985376596450806,charged,dva,0.9998490810394287,uncharged,zarya,0.9971874356269836,uncharged,brig,0.9962309002876282,uncharged,lucio,0.9958503246307373,uncharged,zenyatta,0.9915444850921631,uncharged
175,vod_data/18.03.2019+SF+vs+NRG+BUSAN/45000.jpg,03/18/2019,BUSAN,NRG,576.5,ingame,live,reinhardt,0.9999667406082153,uncharged,dva,0.9999980926513672,uncharged,zarya,0.9835439324378967,uncharged,brig,0.9998495578765869,uncharged,lucio,0.9999994039535522,uncharged,zenyatta,0.9954853653907776,charged,reinhardt,0.9985376596450806,charged,dva,0.9998490810394287,uncharged,zarya,0.9971874356269836,uncharged,brig,0.9962309002876282,uncharged,lucio,0.9958503246307373,uncharged,zenyatta,0.9915444850921631,uncharged
176,vod_data/18.03.2019+SF+vs+NRG+BUSAN/45045.jpg,03/18/2019,BUSAN,NRG,577.25,ingame,live,reinhardt,0.9999667406082153,uncharged,dva,0.9999980926513672,uncharged,zarya,0.9835439324378967,uncharged,brig,0.9998495578765869,uncharged,lucio,0.9999994039535522,uncharged,zenyatta,0.9954853653907776,charged,reinhardt,0.9985376596450806,uncharged,dva,0.9998490810394287,uncharged,zarya,0.9971874356269836,uncharged,brig,0.9962309002876282,uncharged,lucio,0.9958503246307373,uncharged,zenyatta,0.9915444850921631,uncharged
177,vod_data/18.03.2019+SF+vs+NRG+BUSAN/45075.jpg,03/18/2019,BUSAN,NRG,577.75,ingame,live,reinhardt,0.9999667406082153,uncharged,dva,0.9999980926513672,uncharged,zarya,0.9835439324378967,uncharged,brig,0.9998495578765869,uncharged,lucio,0.9999994039535522,uncharged,zenyatta,0.9954853653907776,charged,reinhardt,0.9985376596450806,uncharged,dva,0.9998490810394287,uncharged,zarya,0.9971874356269836,uncharged,brig,0.9962309002876282,uncharged,lucio,0.9958503246307373,uncharged,hammond,0.9899803996086121,uncharged
178,vod_data/18.03.2019+SF+vs+NRG+BUSAN/45240.jpg,03/18/2019,BUSAN,NRG,580.5,ingame,live,reinhardt,0.9999667406082153,uncharged,dva,0.9999980926513672,uncharged,zarya,0.9835439324378967,uncharged,brig,0.9998495578765869,uncharged,lucio,0.9999994039535522,uncharged,zenyatta,0.9954853653907776,uncharged,reinhardt,0.9985376596450806,uncharged,dva,0.9998490810394287,uncharged,zarya,0.9971874356269836,uncharged,brig,0.9962309002876282,uncharged,lucio,0.9958503246307373,uncharged,hammond,0.9899803996086121,uncharged
179,vod_data/18.03.2019+SF+vs+NRG+BUSAN/45300.jpg,03/18/2019,BUSAN,NRG,581.5,ingame,live,reinhardt,0.9999667406082153,uncharged,dva,0.9999980926513672,uncharged,zarya,0.9835439324378967,uncharged,brig,0.9998495578765869,uncharged,lucio,0.9999994039535522,uncharged,zenyatta,0.9954853653907776,uncharged,reinhardt,0.9985376596450806,uncharged,dva,0.9998490810394287,uncharged,soldier,0.9491310119628906,uncharged,brig,0.9962309002876282,uncharged,lucio,0.9958503246307373,uncharged,hammond,0.9899803996086121,uncharged
180,vod_data/18.03.2019+SF+vs+NRG+BUSAN/45555.jpg,03/18/2019,BUSAN,NRG,581.5,lobby,live,,,,,,,,,,,,,,,,,,,,,,,,,,,,,,,,,,,,
